id,nome,produtor,safra,safra_inferida,is_nv,tipo,subtipo_docura,uva_principal,uvas_secundarias,pais,regiao,preco_referencia,faixa_preco_tier,preco_observado_fontes,tamanho_garrafa_ml,teor_alcoolico,imagem_rotulo_url_externa,thumbnail_url,url_origem,vivino_rating,vivino_num_ratings,acidez,tanino,corpo,frutado,docura,confianca_sensorial,confianca_tipo,confianca_uva,confianca_recuperacao,fonte_sensorial,fonte_dado_principal,origem_cadastro,categoria_produto,is_vinho,is_active,motivo_inativo,requer_revisao_editorial,requer_enriquecimento,preco_invalido_origem,preco_recuperado_pendente_review,dedup_revisao_flag,dedup_motivos,harmonizacao_categorias,harmonizacao_texto,curiosidade_educacional,codigo_barras,status_moderacao,data_ultima_observacao,created_at,updated_at,fonte_curiosidade,requer_revisao_factual,superlativo_detectado,erro_factual,motivo
a3a7febd-3858-4f5a-be63-c510f545d1e3,Licor Italiano Bottega Raspberry 500ml,Bottega,,,0.0,sobremesa,,,,Itália,TREVISO,256.9,$$$,"[{""fonte"": ""casa_flora"", ""preco_brl"": 256.9, ""data"": ""2026-04-27T00:11:21.111113+00:00""}]",500,15.0,https://casaflora.vtexassets.com/arquivos/ids/158669-800-auto?v=638881855278830000&width=800&height=auto&aspect=true,,https://www.casaflora.com.br/620696-licor-italiano-bottega-raspberry-500ml/p,,,2.0,0.0,3.0,5.0,5.0,medio,alto,,,v7_enrichment_llm_2026_05,casa_flora,scrape_casa_flora,vinho,True,True,,True,0.0,,,,,,"Sobremesas à base de frutas, queijos azuis, foie gras, ou simplesmente como digestivo.","A Bottega é uma destilaria e vinícola de Treviso, no Vêneto, conhecida por combinar produção de Prosecco com licores de frutas. O Raspberry é feito com framboesas maceradas em base alcoólica — um licor de frutas simples, sem fermentação da própria fruta. A garrafa dourada virou marca registrada da casa, usada em toda a linha de licores frutados que a Bottega exporta pro mundo.",,aprovado_automatico,2026-04-27T00:11:21.111113+00:00,2026-04-27T14:39:50.648175+00:00,2026-04-27T14:39:50.648175+00:00,,,,,"nao-vinho (termo 'licor', teor 15.0)"
8cb47a9b-cb62-4e8b-ac36-9742c45284f2,Licor Italiano Bottega Caramel 500ml,Bottega,,,0.0,,,,,Itália,TREVISO,256.9,$$$,"[{""fonte"": ""casa_flora"", ""preco_brl"": 256.9, ""data"": ""2026-04-26T23:58:44.613703+00:00""}]",500,,https://casaflora.vtexassets.com/arquivos/ids/158641-800-auto?v=638881855235500000&width=800&height=auto&aspect=true,,https://www.casaflora.com.br/620697-licor-italiano-bottega-caramel-500ml/p,,,1.0,0.0,4.0,2.0,5.0,medio,nao_resgatado,,,v7_enrichment_llm_2026_05,casa_flora,scrape_casa_flora,vinho,True,True,,True,0.0,,,,,,,"O Bottega Caramel é um licor de caramelo produzido pela família Bottega em Treviso, no Vêneto — a mesma casa conhecida pelas garrafas douradas de Prosecco. A Bottega produz licores macerados com bases de grappa e destilados italianos, e o Caramel entra na linha de licores de sobremesa que a família expandiu nas últimas décadas como alternativa ao mercado de digestivos italianos.",,aprovado_automatico,2026-04-26T23:58:44.613703+00:00,2026-04-27T14:39:50.648175+00:00,2026-04-27T14:39:50.648175+00:00,,,,,"nao-vinho (termo 'licor', teor ausente)"
bcf47a3f-3d41-4f4e-98bd-a8aad3bb7619,Licor Italiano Bottega Pistacchio 500ml,Bottega,,,0.0,fortificado,,,,Itália,Treviso,256.9,$$$,"[{""fonte"": ""casa_flora"", ""preco_brl"": 256.9, ""data"": ""2026-04-27T00:00:35.913199+00:00""}]",500,17.0,https://casaflora.vtexassets.com/arquivos/ids/158639-800-auto?v=638881855269770000&width=800&height=auto&aspect=true,,https://www.casaflora.com.br/620698-licor-italiano-bottega-pistacchio-500ml/p,,,1.0,0.0,4.0,3.0,5.0,medio,alto,,,v7_enrichment_llm_2026_05,casa_flora,scrape_casa_flora,vinho,True,True,,True,0.0,,,,,,"Sobremesas, queijos azuis (Roquefort, Gorgonzola), nozes, café, charutos.","O Bottega Pistacchio não é vinho: é licor de pistache produzido em Treviso, no Vêneto. A Bottega, conhecida pelas garrafas douradas de Prosecco, usa pistaches reais no processo de maceração. O resultado é um licor cremoso, doce e com sabor intenso de pistache torrado — muito consumido gelado ou sobre sorvete na Itália.",,aprovado_automatico,2026-04-27T00:00:35.913199+00:00,2026-04-27T14:39:50.648175+00:00,2026-04-27T14:39:50.648175+00:00,,,,,"nao-vinho (termo 'licor', teor 17.0)"
8cef644d-4b7d-48bf-a5ce-c6925f45c05c,KIT PREMIUM AMARONE BERTANI C/DECANTE 12,Bertani,2012.0,,0.0,tinto,,Amarone,,Itália,,3379.9,$$$$$,"[{""fonte"": ""casa_flora"", ""preco_brl"": 3379.9, ""data"": ""2026-04-27T00:03:40.443210+00:00""}]",750,,https://casaflora.vtexassets.com/arquivos/ids/159786-800-auto?v=639075431167930000&width=800&height=auto&aspect=true,,https://www.casaflora.com.br/620720-kit-premium-amarone-bertani-c-decante-12/p,,,3.0,4.0,5.0,4.0,2.0,alto,alto,,,v7_enrichment_llm_2026_05,casa_flora,scrape_casa_flora,vinho,True,False,nao_vinho_filtro_v9_5,True,0.0,,,,,,"Carnes vermelhas, queijos curados, massas com molhos à base de carne, charcutaria.","A Bertani é uma das casas históricas do Amarone: fundada em 1857, foi uma das primeiras a comercializar o vinho, quando ainda poucos fora do Vêneto sabiam o que era. O Amarone 2012 da Bertani passa cerca de 7 anos em barricas grandes de carvalho antes de sair — tempo que pouquíssimos produtores ainda praticam hoje. Resultado direto: um vinho que pede decanter exatamente pelo isolamento longo.",,aprovado_automatico,2026-04-27T00:03:40.443210+00:00,2026-04-27T14:39:50.648175+00:00,2026-04-27T14:39:50.648175+00:00,,,,,"nao-vinho (termo 'kit', teor ausente)"
fd7f3ea9-50b1-4582-8385-b3e8d6b0201c,Gin Apogee Classic 1L,Suntory,,,0.0,fortificado,,,,Brasil,PIRACAIA,52.9,$,"[{""fonte"": ""casa_flora"", ""preco_brl"": 52.9, ""data"": ""2026-04-26T22:15:28.795141+00:00""}]",1000,40.0,https://casaflora.vtexassets.com/arquivos/ids/157468-800-auto?v=638881855063070000&width=800&height=auto&aspect=true,,https://www.casaflora.com.br/460025-gin-apogee-classic-1l/p,,,1.0,0.0,3.0,2.0,2.0,baixo,alto,,,v7_enrichment_llm_2026_05,casa_flora,scrape_casa_flora,vinho,True,True,,True,0.0,,,,,,"Sobremesas, queijos azuis (Roquefort, Gorgonzola), nozes, café, charutos.",,,aprovado_automatico,2026-04-26T22:15:28.795141+00:00,2026-04-27T14:39:50.648175+00:00,2026-04-27T14:39:50.648175+00:00,,,,,"nao-vinho (termo 'gin', teor 40.0)"
58ceac3b-fe29-46ec-8286-6a3022f4324a,Gin Apogee Rosé 1L,,,,0.0,fortificado,,,,Brasil,PIRACAIA,52.9,$,"[{""fonte"": ""casa_flora"", ""preco_brl"": 52.9, ""data"": ""2026-04-27T00:12:21.020805+00:00""}]",1000,40.0,https://casaflora.vtexassets.com/arquivos/ids/157789-800-auto?v=638881855094370000&width=800&height=auto&aspect=true,,https://www.casaflora.com.br/460037-gin-apogee-ros-1l/p,,,2.0,0.0,3.0,4.0,4.0,baixo,alto,,,v7_enrichment_llm_2026_05,casa_flora,scrape_casa_flora,vinho,True,True,,True,0.0,,,,,,"Sobremesas, queijos azuis (Roquefort, Gorgonzola), nozes, café, charutos.",,,aprovado_automatico,2026-04-27T00:12:21.020805+00:00,2026-04-27T14:39:50.648175+00:00,2026-04-27T14:39:50.648175+00:00,,,,,"nao-vinho (termo 'gin', teor 40.0)"
cd1864b4-07a3-49e2-8aeb-f1f3fba77ce3,Cachaça Maria Augusta Prata 700ml,,,,0.0,,,,,Brasil,PIRACAIA,47.9,$,"[{""fonte"": ""casa_flora"", ""preco_brl"": 47.9, ""data"": ""2026-04-26T22:19:29.037503+00:00""}]",700,39.0,https://casaflora.vtexassets.com/arquivos/ids/158966-800-auto?v=638881853406170000&width=800&height=auto&aspect=true,,https://www.casaflora.com.br/460043-cacha-a-maria-augusta-prata-700ml/p,,,0.0,0.0,0.0,0.0,0.0,baixo,nao_resgatado,,,v7_enrichment_llm_2026_05,casa_flora,scrape_casa_flora,vinho,True,True,,True,0.0,,,,,,,,,aprovado_automatico,2026-04-26T22:19:29.037503+00:00,2026-04-27T14:39:50.648175+00:00,2026-04-27T14:39:50.648175+00:00,,,,,"nao-vinho (termo 'cachaça', teor 39.0)"
82ee57b6-9c82-46b4-a685-45d689da75f6,Cachaça Maria Augusta Ouro 700ml,,,,0.0,fortificado,,,,Brasil,PIRACAIA,52.9,$,"[{""fonte"": ""casa_flora"", ""preco_brl"": 52.9, ""data"": ""2026-04-26T23:58:19.256612+00:00""}]",700,39.0,https://casaflora.vtexassets.com/arquivos/ids/158965-800-auto?v=638881853394400000&width=800&height=auto&aspect=true,,https://www.casaflora.com.br/460044-cacha-a-maria-augusta-ouro-700ml/p,,,1.0,0.0,3.0,2.0,2.0,baixo,alto,,,v7_enrichment_llm_2026_05,casa_flora,scrape_casa_flora,vinho,True,True,,True,0.0,,,,,,"Sobremesas, queijos azuis (Roquefort, Gorgonzola), nozes, café, charutos.",,,aprovado_automatico,2026-04-26T23:58:19.256612+00:00,2026-04-27T14:39:50.649177+00:00,2026-04-27T14:39:50.649177+00:00,,,,,"nao-vinho (termo 'cachaça', teor 39.0)"
6f80fa5a-ad09-42af-be71-03233e4a4d22,Licor Italiano Bottega Cappucino 500ml,Bottega,,,0.0,,,,,Itália,TREVISO,256.9,$$$,"[{""fonte"": ""casa_flora"", ""preco_brl"": 256.9, ""data"": ""2026-04-26T22:31:04.498505+00:00""}]",500,17.0,https://casaflora.vtexassets.com/arquivos/ids/159795-800-auto?v=639094381850470000&width=800&height=auto&aspect=true,,https://www.casaflora.com.br/620748-licor-italiano-bottega-cappucino-500ml/p,,,1.0,0.0,3.0,2.0,5.0,medio,nao_resgatado,,,v7_enrichment_llm_2026_05,casa_flora,scrape_casa_flora,vinho,True,True,,True,0.0,,,,,,,"O Bottega Cappuccino é um licor de café com base alcoólica produzido pela família Bottega em Treviso, no Vêneto — mesma região do Prosecco. A Bottega é conhecida mundialmente pelas garrafas metalizadas douradas e rosadas, mas produz também licores de frutas, chocolate e café. O Cappuccino leva extrato de café arábica e é consumido gelado ou sobre sorvete no estilo affogato.",,aprovado_automatico,2026-04-26T22:31:04.498505+00:00,2026-04-27T14:39:50.649177+00:00,2026-04-27T14:39:50.649177+00:00,,,,,"nao-vinho (termo 'licor', teor 17.0)"
de5e4202-3308-4ebf-8d2e-3796e8de42f1,Brandy Espanhol Fundador Sherry Cask 750ml,Fundador,,,0.0,fortificado,,,recomendacoes de consumo puro ou misturado com refrigerante de cola,Espanha,Diversos,169.9,$$,"[{""fonte"": ""casa_flora"", ""preco_brl"": 169.9, ""data"": ""2026-04-26T22:37:54.811304+00:00""}]",750,36.0,https://casaflora.vtexassets.com/arquivos/ids/159272-800-auto?v=638430212849330000&width=800&height=auto&aspect=true,,https://www.casaflora.com.br/630089-brandy-espanhol-fundador-sherry-cask-750ml-/p,,,1.0,0.0,4.0,3.0,3.0,medio,alto,,,v7_enrichment_llm_2026_05,casa_flora,scrape_casa_flora,vinho,True,False,nao_vinho_filtro_v9_5,True,0.0,,,,,,"Sobremesas, queijos azuis (Roquefort, Gorgonzola), nozes, café, charutos.","O Fundador é o brandy mais vendido da Espanha e um dos mais antigos do país, produzido em Jerez de la Frontera desde 1874. O 'Sherry Cask' no nome revela o método: envelhecimento em barris que antes continham Jerez (Sherry), o vinho fortificado da região. Esse contato dá ao destilado notas de fruta seca e caramelo características do estilo Brandy de Jerez.",,aprovado_automatico,2026-04-26T22:37:54.811304+00:00,2026-04-27T14:39:50.650175+00:00,2026-04-27T14:39:50.650175+00:00,,,,,"nao-vinho (termo 'brandy', teor 36.0)"
321a95f4-a9c7-43f3-9498-8bdadd0ba6c0,Gin Apogee Rosé 750ml,Apogee,,,0.0,fortificado,,London Dry Gin,,Brasil,Piracaia,52.9,$,"[{""fonte"": ""casa_flora"", ""preco_brl"": 52.9, ""data"": ""2026-04-26T22:38:55.533381+00:00""}]",750,40.0,https://casaflora.vtexassets.com/arquivos/ids/159778-800-auto?v=639009073902230000&width=800&height=auto&aspect=true,,https://www.casaflora.com.br/460070-gin-apogee-ros-750ml/p,,,2.0,0.0,2.0,3.0,3.0,baixo,alto,,,v7_enrichment_llm_2026_05,casa_flora,scrape_casa_flora,vinho,True,True,,True,0.0,,,,,,"Sobremesas, queijos azuis (Roquefort, Gorgonzola), nozes, café, charutos.",,,aprovado_automatico,2026-04-26T22:38:55.533381+00:00,2026-04-27T14:39:50.650175+00:00,2026-04-27T14:39:50.650175+00:00,,,,,"nao-vinho (termo 'gin', teor 40.0)"
e45bb81d-296b-47ff-8440-ef7b2142f31f,Licor Apogee Limoncello 750ml,,,,0.0,sobremesa,,,,Brasil,PIRACAIA,55.9,$,"[{""fonte"": ""casa_flora"", ""preco_brl"": 55.9, ""data"": ""2026-04-26T23:59:13.530934+00:00""}]",750,28.0,https://casaflora.vtexassets.com/arquivos/ids/159768-800-auto?v=639004816288170000&width=800&height=auto&aspect=true,,https://www.casaflora.com.br/460071-licor-apogee-limoncello-750ml/p,,,4.0,0.0,3.0,5.0,5.0,medio,alto,,,v7_enrichment_llm_2026_05,casa_flora,scrape_casa_flora,vinho,True,True,,True,0.0,,,,,,"Sobremesas à base de frutas, queijos azuis, foie gras, ou simplesmente como digestivo.",,,aprovado_automatico,2026-04-26T23:59:13.530934+00:00,2026-04-27T14:39:50.650175+00:00,2026-04-27T14:39:50.650175+00:00,,,,,"nao-vinho (termo 'licor', teor 28.0)"
98ca49bc-0c31-43c0-a142-e70a0f2f5bb6,Licor Apogee Pistache 750ml,,,,0.0,sobremesa,,,,Brasil,PIRACAIA,55.9,$,"[{""fonte"": ""casa_flora"", ""preco_brl"": 55.9, ""data"": ""2026-04-27T00:01:25.996309+00:00""}]",750,13.5,https://casaflora.vtexassets.com/arquivos/ids/159769-800-auto?v=639004816298000000&width=800&height=auto&aspect=true,,https://www.casaflora.com.br/460072-licor-apogee-pistache-750ml/p,,,2.0,0.0,4.0,3.0,5.0,baixo,alto,,,v7_enrichment_llm_2026_05,casa_flora,scrape_casa_flora,vinho,True,True,,True,0.0,,,,,,"Sobremesas à base de frutas, queijos azuis, foie gras, ou simplesmente como digestivo.",,,aprovado_automatico,2026-04-27T00:01:25.996309+00:00,2026-04-27T14:39:50.650175+00:00,2026-04-27T14:39:50.650175+00:00,,,,,"nao-vinho (termo 'licor', teor 13.5)"
588d56dd-0d77-43fe-adb8-88f55b1318b0,Licor Apogee Le Club 55 750ml,,,,0.0,fortificado,,,,Brasil,PIRACAIA,55.9,$,"[{""fonte"": ""casa_flora"", ""preco_brl"": 55.9, ""data"": ""2026-04-27T00:06:44.476676+00:00""}]",750,31.0,https://casaflora.vtexassets.com/arquivos/ids/159767-800-auto?v=639004816277330000&width=800&height=auto&aspect=true,,https://www.casaflora.com.br/460075-licor-apogee-le-club-55-750ml/p,,,2.0,0.0,4.0,3.0,5.0,baixo,alto,,,v7_enrichment_llm_2026_05,casa_flora,scrape_casa_flora,vinho,True,True,,True,0.0,,,,,,"Sobremesas, queijos azuis (Roquefort, Gorgonzola), nozes, café, charutos.",,,aprovado_automatico,2026-04-27T00:06:44.476676+00:00,2026-04-27T14:39:50.650633+00:00,2026-04-27T14:39:50.650633+00:00,,,,,"nao-vinho (termo 'licor', teor 31.0)"
d3fe42d5-916c-437f-bbf4-d0abb8dda05a,Licor Apogee Cassis 750ml,,,,0.0,fortificado,,,,Brasil,PIRACAIA,55.9,$,"[{""fonte"": ""casa_flora"", ""preco_brl"": 55.9, ""data"": ""2026-04-27T00:08:20.950640+00:00""}]",750,18.0,https://casaflora.vtexassets.com/arquivos/ids/159766-800-auto?v=639004816262800000&width=800&height=auto&aspect=true,,https://www.casaflora.com.br/460077-licor-apogee-cassis-750ml/p,,,2.0,1.0,4.0,5.0,5.0,baixo,alto,,,v7_enrichment_llm_2026_05,casa_flora,scrape_casa_flora,vinho,True,True,,True,0.0,,,,,,"Sobremesas, queijos azuis (Roquefort, Gorgonzola), nozes, café, charutos.",,,aprovado_automatico,2026-04-27T00:08:20.950640+00:00,2026-04-27T14:39:50.650633+00:00,2026-04-27T14:39:50.650633+00:00,,,,,"nao-vinho (termo 'licor', teor 18.0)"
4142e0b9-fa99-4624-b24a-5752a4647060,Licor Português 35 Creme de Pastel Nata 700ml,Licor Português 35,,,0.0,fortificado,,,,Portugal,Lisboa,279.9,$$$,"[{""fonte"": ""casa_flora"", ""preco_brl"": 279.9, ""data"": ""2026-04-27T00:12:46.535157+00:00""}]",700,14.5,https://casaflora.vtexassets.com/arquivos/ids/158802-800-auto?v=638881855332730000&width=800&height=auto&aspect=true,,https://www.casaflora.com.br/475041-licor-portugu-s-35-creme-de-pastel-nata-700ml-/p,,,1.0,0.0,4.0,2.0,5.0,medio,alto,,,v7_enrichment_llm_2026_05,casa_flora,scrape_casa_flora,vinho,True,True,,True,0.0,,,,,,"Sobremesas, queijos azuis (Roquefort, Gorgonzola), nozes, café, charutos.","O Creme de Pastel de Nata é um licor de Portugal inspirado no pastel de nata, o doce de origem conventual que virou símbolo nacional. A receita histórica vem dos monges do Mosteiro dos Jerónimos, em Lisboa, século XIX. O licor tenta capturar as notas de creme, canela e massa folhada do doce — categoria que cresce com turismo e exportação de produtos da culinária portuguesa.",,aprovado_automatico,2026-04-27T00:12:46.535157+00:00,2026-04-27T14:39:50.650996+00:00,2026-04-27T14:39:50.650996+00:00,,,,,"nao-vinho (termo 'licor', teor 14.5)"
ea3ea0bd-8fcd-4870-87c8-f073f7117cb2,Nib Gin 1L,,,,0.0,,,,,Brasil,SÃO PAULO,129.9,$$,"[{""fonte"": ""casa_flora"", ""preco_brl"": 129.9, ""data"": ""2026-04-26T22:50:05.989430+00:00""}]",1000,44.0,https://casaflora.vtexassets.com/arquivos/ids/159640-800-auto?v=638816332627200000&width=800&height=auto&aspect=true,,https://www.casaflora.com.br/480063-nib-gin-1l/p,,,1.0,0.0,2.0,3.0,1.0,baixo,nao_resgatado,,,v7_enrichment_llm_2026_05,casa_flora,scrape_casa_flora,vinho,True,True,,True,0.0,,,,,,,,,aprovado_automatico,2026-04-26T22:50:05.989430+00:00,2026-04-27T14:39:50.650996+00:00,2026-04-27T14:39:50.650996+00:00,,,,,"nao-vinho (termo 'gin', teor 44.0)"
834ad2f5-c969-4bdd-a50a-0082c2d8b285,Nib Gin Pêra 1L,,,,0.0,fortificado,,,,Brasil,SÃO PAULO,139.9,$$,"[{""fonte"": ""casa_flora"", ""preco_brl"": 139.9, ""data"": ""2026-04-26T23:49:00.401405+00:00""}]",1000,44.0,https://casaflora.vtexassets.com/arquivos/ids/159643-800-auto?v=638816332618730000&width=800&height=auto&aspect=true,,https://www.casaflora.com.br/480065-nib-gin-p-ra-1l/p,,,2.0,0.0,3.0,4.0,3.0,baixo,alto,,,v7_enrichment_llm_2026_05,casa_flora,scrape_casa_flora,vinho,True,True,,True,0.0,,,,,,"Sobremesas, queijos azuis (Roquefort, Gorgonzola), nozes, café, charutos.",,,aprovado_automatico,2026-04-26T23:49:00.401405+00:00,2026-04-27T14:39:50.650996+00:00,2026-04-27T14:39:50.650996+00:00,,,,,"nao-vinho (termo 'gin', teor 44.0)"
eb5e080b-00b2-416a-b3c9-90dbb4760920,Nib Gin Ink,,,,0.0,,,,,Brasil,SÃO PAULO,146.9,$$,"[{""fonte"": ""casa_flora"", ""preco_brl"": 146.9, ""data"": ""2026-04-26T22:52:16.423138+00:00""}]",700,44.0,https://casaflora.vtexassets.com/arquivos/ids/159639-800-auto?v=638816332602000000&width=800&height=auto&aspect=true,,https://www.casaflora.com.br/480066-nib-gin-ink-700ml/p,,,2.0,0.0,2.0,3.0,2.0,baixo,nao_resgatado,,,v7_enrichment_llm_2026_05,casa_flora,scrape_casa_flora,vinho,True,True,,True,0.0,,,,,,,,,aprovado_automatico,2026-04-26T22:52:16.423138+00:00,2026-04-27T14:39:50.650996+00:00,2026-04-27T14:39:50.650996+00:00,,,,,"nao-vinho (termo 'gin', teor 44.0)"
cc2d9f7c-042f-4a5e-b6f1-e3b8b65b8481,Vinagre Italiano Tinto Paganini 500ml,Paganini,,,0.0,tinto,,,,Itália,ITALIA,20.32,$,"[{""fonte"": ""casa_flora"", ""preco_brl"": 20.32, ""data"": ""2026-04-26T23:05:45.505522+00:00""}]",500,,https://casaflora.vtexassets.com/arquivos/ids/157558-800-auto?v=638881861416900000&width=800&height=auto&aspect=true,,https://www.casaflora.com.br/130115-vinagre-italiano-tinto-paganini-500ml/p,,,3.0,2.0,2.0,2.0,1.0,baixo,alto,,,v7_enrichment_llm_2026_05,casa_flora,scrape_casa_flora,vinho,True,False,nao_vinho_filtro_v9_5,True,0.0,,,,,,"Carnes vermelhas, queijos curados, massas com molhos à base de carne, charcutaria.",,,aprovado_automatico,2026-04-26T23:05:45.505522+00:00,2026-04-27T14:39:50.652005+00:00,2026-04-27T14:39:50.652005+00:00,,,,,"nao-vinho (termo 'vinagre', teor ausente)"
3b7f5f32-400d-4511-b053-f10533937555,Vinagre Italiano Branco Paganini 500ml,,,,0.0,branco,,,,Itália,ITALIA,20.32,$,"[{""fonte"": ""casa_flora"", ""preco_brl"": 20.32, ""data"": ""2026-04-26T23:07:13.471079+00:00""}]",500,,https://casaflora.vtexassets.com/arquivos/ids/157559-800-auto?v=638470805378870000&width=800&height=auto&aspect=true,,https://www.casaflora.com.br/130116-vinagre-italiano-branco-paganini-500ml/p,,,5.0,0.0,1.0,1.0,1.0,baixo,alto,,,v7_enrichment_llm_2026_05,casa_flora,scrape_casa_flora,vinho,True,False,nao_vinho_filtro_v9_5,True,0.0,,,,,,"Peixes, frutos do mar, frango grelhado, queijos frescos, saladas e pratos leves.",,,aprovado_automatico,2026-04-26T23:07:13.471079+00:00,2026-04-27T14:39:50.652005+00:00,2026-04-27T14:39:50.652005+00:00,,,,,"nao-vinho (termo 'vinagre', teor ausente)"
0a1e13e7-a5fc-4356-9492-00b510829699,Cooler Branco Chileno Santa Carolina Frizz & Fruity Pêssego 750ml,Santa Carolina,,,0.0,branco,,Sauvignon Blanc,Torontel,Chile,Provenientes de diferentes vinhas em todo o Chile,45.5,$,"[{""fonte"": ""casa_flora"", ""preco_brl"": 45.5, ""data"": ""2026-04-26T23:10:38.175570+00:00""}]",750,11.5,https://casaflora.vtexassets.com/arquivos/ids/159820-800-auto?v=639113449281200000&width=800&height=auto&aspect=true,,https://www.casaflora.com.br/610874-cooler-branco-chileno-santa-carolina-frizz-fruity-p-ssego-750ml/p,,,3.0,0.0,2.0,5.0,4.0,medio,alto,,,v7_enrichment_llm_2026_05,casa_flora,scrape_casa_flora,vinho,True,True,,True,0.0,,,,,,"Frutos do mar (ostras, mariscos), saladas com queijo de cabra, ceviche, sushi, espargos, peixes grelhados.",,,aprovado_automatico,2026-04-26T23:10:38.175570+00:00,2026-04-27T14:39:50.652738+00:00,2026-04-27T14:39:50.652738+00:00,,,,,"nao-vinho (termo 'cooler', teor 11.5)"
0e261983-db15-43b2-b610-be389877264c,Cooler Rosé Chileno Santa Carolina Frizz & Fruity Morango 750ml,Santa Carolina,,,0.0,rose,,Sauvignon Blanc,Torontel,Chile,Provenientes de diferentes vinhas em todo o Chile,45.5,$,"[{""fonte"": ""casa_flora"", ""preco_brl"": 45.5, ""data"": ""2026-04-26T23:11:50.664071+00:00""}]",750,11.5,https://casaflora.vtexassets.com/arquivos/ids/159819-800-auto?v=639113449264300000&width=800&height=auto&aspect=true,,https://www.casaflora.com.br/610876-cooler-ros-chileno-santa-carolina-frizz-fruity-morango-750ml/p,,,3.0,0.0,2.0,5.0,4.0,medio,alto,,,v7_enrichment_llm_2026_05,casa_flora,scrape_casa_flora,vinho,True,True,,True,0.0,,,,,,"Aperitivos, saladas, comida asiática, peixes leves, frutos do mar, frutas e queijos macios.",,,aprovado_automatico,2026-04-26T23:11:50.664071+00:00,2026-04-27T14:39:50.652738+00:00,2026-04-27T14:39:50.652738+00:00,,,,,"nao-vinho (termo 'cooler', teor 11.5)"
4d59c7c5-f1ad-40b0-8827-99a813ed22b9,KIT BORDEAUX MARGAUX,"Prieuré-Lichine, Labastide Dauzac",,,0.0,tinto,,,,França,Margaux,1389.8,$$$$,"[{""fonte"": ""casa_flora"", ""preco_brl"": 1389.8, ""data"": ""2026-04-26T23:15:46.570670+00:00""}]",750,,https://casaflora.vtexassets.com/arquivos/ids/159721-800-auto?v=638883554129600000&width=800&height=auto&aspect=true,,https://www.casaflora.com.br/bordeaux-margaux/p,,,3.0,4.0,4.0,3.0,1.0,medio,alto,,,v7_enrichment_llm_2026_05,casa_flora,scrape_casa_flora,vinho,True,False,nao_vinho_filtro_v9_5,True,0.0,,,,,,"Carnes vermelhas, queijos curados, massas com molhos à base de carne, charcutaria.",,,aprovado_automatico,2026-04-26T23:15:46.570670+00:00,2026-04-27T14:39:50.652738+00:00,2026-04-27T14:39:50.652738+00:00,,,,,"nao-vinho (termo 'kit', teor ausente)"
0560e54f-c216-4137-a649-75eec13ed601,KIT BOURDEAUX PAUILLAC & ESTEPHE,,2017.0,,0.0,tinto,,V. FR Prélude Grand Puy Ducasse,V. FR Château Lilian Ladouys,França,Bordeaux,1404.8,$$$$,"[{""fonte"": ""casa_flora"", ""preco_brl"": 1404.8, ""data"": ""2026-04-26T23:52:23.451519+00:00""}]",750,,https://casaflora.vtexassets.com/arquivos/ids/159722-800-auto?v=638883554967870000&width=800&height=auto&aspect=true,,https://www.casaflora.com.br/bourdeaux-pauillac-estephe/p,,,3.0,4.0,4.0,3.0,1.0,medio,alto,,,v7_enrichment_llm_2026_05,casa_flora,scrape_casa_flora,vinho,True,False,nao_vinho_filtro_v9_5,True,0.0,,,,,,"Carnes vermelhas, queijos curados, massas com molhos à base de carne, charcutaria.",,,aprovado_automatico,2026-04-26T23:52:23.451519+00:00,2026-04-27T14:39:50.652738+00:00,2026-04-27T14:39:50.652738+00:00,,,,,"nao-vinho (termo 'kit', teor ausente)"
e2558d29-f201-4481-9b9f-7e77fb5ce3ef,KIT BORGONHA,V. FR Moillard,,,0.0,branco,,Chardonnay,"Pinot Noir, Gamay",França,Borgonha,576.8,$$$$,"[{""fonte"": ""casa_flora"", ""preco_brl"": 576.8, ""data"": ""2026-04-26T23:54:14.430883+00:00""}]",750,,https://casaflora.vtexassets.com/arquivos/ids/159723-800-auto?v=639112762770330000&width=800&height=auto&aspect=true,,https://www.casaflora.com.br/kit-borgonha/p,,,4.0,0.0,3.0,3.0,1.0,baixo,alto,,,v7_enrichment_llm_2026_05,casa_flora,scrape_casa_flora,vinho,True,False,nao_vinho_filtro_v9_5,True,0.0,,,,,,"Frango ao molho cremoso, peixes assados (linguado, badejo), risotos, lagosta, queijos suaves (Brie).",,,aprovado_automatico,2026-04-26T23:54:14.430883+00:00,2026-04-27T14:39:50.653963+00:00,2026-04-27T14:39:50.653963+00:00,,,,,"nao-vinho (termo 'kit', teor ausente)"
27376131-5360-4d38-b4ce-29ef7094e9ae,KIT CASTILLO SAN SIMÓN MONASTRELL,Castillo San Simón,,,0.0,tinto,,mourvèdre,,Espanha,"Jumilla, Murcia",227.4,$$$,"[{""fonte"": ""casa_flora"", ""preco_brl"": 227.4, ""data"": ""2026-04-26T23:55:19.876692+00:00""}]",750,,https://casaflora.vtexassets.com/arquivos/ids/159754-800-auto?v=638979500665900000&width=800&height=auto&aspect=true,,https://www.casaflora.com.br/kit-castillo-san-simon-monastrell/p,,,2.0,4.0,4.0,4.0,1.0,medio,alto,,,v7_enrichment_llm_2026_05,casa_flora,scrape_casa_flora,vinho,True,False,nao_vinho_filtro_v9_5,False,0.0,,,,,,"Carnes vermelhas, queijos curados, massas com molhos à base de carne, charcutaria.","Jumilla, no sudeste da Espanha, é uma das poucas DOs do mundo onde a Monastrell — chamada Mourvèdre na França — domina quase 80% do plantio. A região sobreviveu à filoxera do século XIX porque os solos arenosos e áridos dificultaram a praga. Hoje produz tintos com cor densa e fruta escura concentrada, reflexo direto do calor extremo e da altitude dos vinhedos.",,aprovado_automatico,2026-04-26T23:55:19.876692+00:00,2026-04-27T14:39:50.653963+00:00,2026-04-27T14:39:50.653963+00:00,fase4_llm_2026_04_27,,,,"nao-vinho (termo 'kit', teor ausente)"
932d774d-967b-4644-8c7f-8f1d2a3aedeb,Kit Espanha II,Casa Flora,2021.0,,0.0,tinto,,Petit Vega,Marqués de Tomares,Espanha,Rioja,429.7,$$$,"[{""fonte"": ""casa_flora"", ""preco_brl"": 429.7, ""data"": ""2026-04-26T23:56:27.806506+00:00""}]",750,,https://casaflora.vtexassets.com/arquivos/ids/159494-800-auto?v=638588336313470000&width=800&height=auto&aspect=true,,https://www.casaflora.com.br/kit-espanha-ii-casa-flora/p,,,3.0,3.0,3.0,4.0,1.0,baixo,alto,,,v7_enrichment_llm_2026_05,casa_flora,scrape_casa_flora,vinho,True,False,nao_vinho_filtro_v9_5,True,0.0,,,,,,"Carnes vermelhas, queijos curados, massas com molhos à base de carne, charcutaria.",,,aprovado_automatico,2026-04-26T23:56:27.806506+00:00,2026-04-27T14:39:50.653963+00:00,2026-04-27T14:39:50.653963+00:00,,,,,"nao-vinho (termo 'kit', teor ausente)"
1641877b-24c7-4c57-b0eb-b50dc3540ad9,Kit Luccarelli,Luccarelli,,,0.0,tinto,,,,Itália,Puglia,378.24,$$$,"[{""fonte"": ""casa_flora"", ""preco_brl"": 378.24, ""data"": ""2026-04-26T23:22:24.436459+00:00""}]",750,,https://casaflora.vtexassets.com/arquivos/ids/159483-800-auto?v=638579629003530000&width=800&height=auto&aspect=true,,https://www.casaflora.com.br/kit-lucarelli-2-vinho-tinto-italiano/p,,,3.0,3.0,3.0,3.0,1.0,baixo,alto,,,v7_enrichment_llm_2026_05,casa_flora,scrape_casa_flora,vinho,True,False,nao_vinho_filtro_v9_5,True,0.0,,,,,,"Carnes vermelhas, queijos curados, massas com molhos à base de carne, charcutaria.",,,aprovado_automatico,2026-04-26T23:22:24.436459+00:00,2026-04-27T14:39:50.653963+00:00,2026-04-27T14:39:50.653963+00:00,,,,,"nao-vinho (termo 'kit', teor ausente)"
f01f4c71-68d6-41b4-bf5e-892190d20220,KIT RHONE,Cave de Cairanne,,,0.0,tinto,,,,França,Rhone,1089.8,$$$$,"[{""fonte"": ""casa_flora"", ""preco_brl"": 1089.8, ""data"": ""2026-04-26T23:24:42.051205+00:00""}]",750,,https://casaflora.vtexassets.com/arquivos/ids/159724-800-auto?v=638884430297100000&width=800&height=auto&aspect=true,,https://www.casaflora.com.br/kit-rhone/p,,,3.0,3.0,3.0,3.0,1.0,baixo,alto,,,v7_enrichment_llm_2026_05,casa_flora,scrape_casa_flora,vinho,True,False,nao_vinho_filtro_v9_5,True,0.0,,,,,,"Carnes vermelhas, queijos curados, massas com molhos à base de carne, charcutaria.",,,aprovado_automatico,2026-04-26T23:24:42.051205+00:00,2026-04-27T14:39:50.653963+00:00,2026-04-27T14:39:50.653963+00:00,,,,,"nao-vinho (termo 'kit', teor ausente)"
9bcbf85c-1df1-46af-9214-8f610bc5a984,Licor Italiano Strega 700ml,,,,0.0,,,,,Itália,Benevento,369.9,$$$,"[{""fonte"": ""casa_flora"", ""preco_brl"": 369.9, ""data"": ""2026-04-26T23:38:46.292547+00:00""}]",700,40.0,https://casaflora.vtexassets.com/arquivos/ids/159184-800-auto?v=638881855322100000&width=800&height=auto&aspect=true,,https://www.casaflora.com.br/770016-licor-italiano-strega-700ml-/p,,,2.0,0.0,3.0,3.0,5.0,baixo,nao_resgatado,,,v7_enrichment_llm_2026_05,casa_flora,scrape_casa_flora,vinho,True,True,,True,0.0,,,,,,,,,aprovado_automatico,2026-04-26T23:38:46.292547+00:00,2026-04-27T14:39:50.655957+00:00,2026-04-27T14:39:50.655957+00:00,,,,,"nao-vinho (termo 'licor', teor 40.0)"
a8ecb50d-7616-4492-8053-3df70000377d,Licor Marie Brizard Triple Sec 700ml,Marie Brizard,,,0.0,fortificado,,,,França,Bordeaux,94.9,$$,"[{""fonte"": ""casa_flora"", ""preco_brl"": 94.9, ""data"": ""2026-04-26T23:39:29.704497+00:00""}]",700,39.0,https://casaflora.vtexassets.com/arquivos/ids/157931-800-auto?v=638361773331470000&width=800&height=auto&aspect=true,,https://www.casaflora.com.br/775117-licor-marie-brizard-triple-sec-700ml/p,,,2.0,0.0,3.0,4.0,5.0,alto,alto,,,v7_enrichment_llm_2026_05,casa_flora,scrape_casa_flora,vinho,True,True,,True,0.0,,,,,,"Sobremesas, queijos azuis (Roquefort, Gorgonzola), nozes, café, charutos.","Marie Brizard foi uma mulher real: nasceu em Bordeaux em 1714 e começou a produzir licores em 1755, tornando-se uma das primeiras empreendedoras do setor no mundo. O Triple Sec da marca é feito com maceração de cascas de laranja doce e amarga — a mesma técnica do século XVIII. O nome 'triple sec' indica três destilações da essência cítrica, não o nível de açúcar.",,aprovado_automatico,2026-04-26T23:39:29.704497+00:00,2026-04-27T14:39:50.655957+00:00,2026-04-27T14:39:50.655957+00:00,,,,,"nao-vinho (termo 'licor', teor 39.0)"
83af21fc-f3da-4e29-a49c-faaf341f7eaa,Licor Strega Sambuca 700ml,,,,0.0,sobremesa,,,,Itália,BENEVENTO,253.9,$$$,"[{""fonte"": ""casa_flora"", ""preco_brl"": 253.9, ""data"": ""2026-04-26T23:39:47.454050+00:00""}]",700,40.0,https://casaflora.vtexassets.com/arquivos/ids/158807-800-auto?v=638881855311130000&width=800&height=auto&aspect=true,,https://www.casaflora.com.br/775048-licor-strega-sambuca-700ml-/p,,,1.0,0.0,3.0,2.0,5.0,medio,alto,,,v7_enrichment_llm_2026_05,casa_flora,scrape_casa_flora,vinho,True,True,,True,0.0,,,,,,"Sobremesas à base de frutas, queijos azuis, foie gras, ou simplesmente como digestivo.",,,aprovado_automatico,2026-04-26T23:39:47.454050+00:00,2026-04-27T14:39:50.655957+00:00,2026-04-27T14:39:50.655957+00:00,,,,,"nao-vinho (termo 'licor', teor 40.0)"
553eb8c1-2e9e-430d-a6be-218e58555a65,Brandy Fernando De Castilla 700ml,Bodegas Rey Fernando De Castilla,,,0.0,,,Brandy,,Espanha,Jerez,306.9,$$$,"[{""fonte"": ""casa_flora"", ""preco_brl"": 306.9, ""data"": ""2026-04-26T23:40:23.217301+00:00""}]",700,40.0,https://casaflora.vtexassets.com/arquivos/ids/158854-800-auto?v=638881853363200000&width=800&height=auto&aspect=true,,https://www.casaflora.com.br/785020-brandy-fernando-de-castilla-700ml-/p,,,1.0,0.0,4.0,3.0,3.0,medio,nao_resgatado,,,v7_enrichment_llm_2026_05,casa_flora,scrape_casa_flora,vinho,True,False,nao_vinho_filtro_v9_5,True,0.0,,,,,,,"Fernando de Castilla é uma bodega de Jerez fundada por um norueguês, Jan Pettersen, em 1999 — incomum num mundo dominado por famílias espanholas centenárias. O Brandy deles passa pelo sistema de soleras, envelhecimento em sequência de barricas que mistura diferentes anos. Jerez é a única região espanhola com denominação própria pra brandy: Brandy de Jerez.",,aprovado_automatico,2026-04-26T23:40:23.217301+00:00,2026-04-27T14:39:50.655957+00:00,2026-04-27T14:39:50.655957+00:00,,,,,"nao-vinho (termo 'brandy', teor 40.0)"
68f97429-a5e6-4a4a-a03a-5d5aad51e21a,Licor Italiano Limoncello Caravella 750ml,Caravella,,,0.0,sobremesa,,,,Itália,Turim,193.9,$$,"[{""fonte"": ""casa_flora"", ""preco_brl"": 193.9, ""data"": ""2026-04-26T23:41:14.900711+00:00""}]",750,28.0,https://casaflora.vtexassets.com/arquivos/ids/159115-800-auto?v=638881855300500000&width=800&height=auto&aspect=true,,https://www.casaflora.com.br/785075-licor-italiano-limoncello-caravella-750ml/p,,,3.0,0.0,2.0,5.0,5.0,medio,alto,,,v7_enrichment_llm_2026_05,casa_flora,scrape_casa_flora,vinho,True,True,,True,0.0,,,,,,"Sobremesas à base de frutas, queijos azuis, foie gras, ou simplesmente como digestivo.","Limoncello não é vinho — é um licor de infusão de casca de limão em álcool neutro, adoçado com açúcar. A Caravella é uma marca italiana exportada, com produção em Turim, mas o Limoncello clássico é do sul da Itália: Campânia, Costa Amalfitana e Capri usam o limão Sfusato Amalfitano, com casca grossa e perfumada, que define o estilo original da bebida.",,aprovado_automatico,2026-04-26T23:41:14.900711+00:00,2026-04-27T14:39:50.655957+00:00,2026-04-27T14:39:50.655957+00:00,,,,,"nao-vinho (termo 'licor', teor 28.0)"
243cd2da-63dc-4ee5-8a8e-ccfb9c42bb90,Brandy Fernando de Castilla Gran Reserva 700ml,Fernando de Castilla,,,0.0,fortificado,,,Uvas brancas da região,Espanha,Jerez,914.9,$$$$,"[{""fonte"": ""casa_flora"", ""preco_brl"": 914.9, ""data"": ""2026-04-27T00:08:41.355607+00:00""}]",700,40.0,https://casaflora.vtexassets.com/arquivos/ids/158853-800-auto?v=638881853352230000&width=800&height=auto&aspect=true,,https://www.casaflora.com.br/785021-brandy-fernando-de-castilla-gran-reserva-700ml-/p,,,1.0,0.0,5.0,3.0,4.0,medio,alto,,,v7_enrichment_llm_2026_05,casa_flora,scrape_casa_flora,vinho,True,False,nao_vinho_filtro_v9_5,True,0.0,,,,,,"Sobremesas, queijos azuis (Roquefort, Gorgonzola), nozes, café, charutos.","Fernando de Castilla é uma das poucas adegas de Jerez independentes — pertence ao norueguês Jan Pettersen desde 1999. O Gran Reserva é envelhecido pelo sistema solera em barricas de oloroso e pedro ximénez, empilhadas em camadas. Quanto mais tempo no sistema, mais o brandy absorve os açúcares e aromas das antigas barricas de vinho fortificado de Jerez.",,aprovado_automatico,2026-04-27T00:08:41.355607+00:00,2026-04-27T14:39:50.656983+00:00,2026-04-27T14:39:50.656983+00:00,,,,,"nao-vinho (termo 'brandy', teor 40.0)"
8fe74ba1-aca8-4cd0-ab39-2fb8e869ad9c,Gin Francês Citadelle 750ml,,,,0.0,fortificado,,,,França,,233.9,$$$,"[{""fonte"": ""casa_flora"", ""preco_brl"": 233.9, ""data"": ""2026-04-26T23:41:52.496176+00:00""}]",750,44.0,https://casaflora.vtexassets.com/arquivos/ids/159190-800-auto?v=638881855101900000&width=800&height=auto&aspect=true,,https://www.casaflora.com.br/785099-gin-franc-s-citadelle-750ml-/p,,,1.0,0.0,2.0,3.0,1.0,baixo,alto,,,v7_enrichment_llm_2026_05,casa_flora,scrape_casa_flora,vinho,True,True,,True,0.0,,,,,,"Sobremesas, queijos azuis (Roquefort, Gorgonzola), nozes, café, charutos.",,,aprovado_automatico,2026-04-26T23:41:52.496176+00:00,2026-04-27T14:39:50.656983+00:00,2026-04-27T14:39:50.656983+00:00,,,,,"nao-vinho (termo 'gin', teor 44.0)"
6103c61e-c12d-4d8e-9c02-cfed1c1e6331,Whisky Evan Williams Kentucky Straight Bourbon 1L,Evan Williams,,,0.0,fortificado,,,,Estados Unidos,Kentucky,196.9,$$,"[{""fonte"": ""casa_flora"", ""preco_brl"": 196.9, ""data"": ""2026-04-26T23:42:35.187693+00:00""}]",1000,43.0,https://casaflora.vtexassets.com/arquivos/ids/159185-800-auto?v=638409460325570000&width=800&height=auto&aspect=true,,https://www.casaflora.com.br/799090-whisky-evan-williams-kentucky-straight-bourbon-1l-/p,,,1.0,0.0,4.0,3.0,3.0,baixo,alto,,,v7_enrichment_llm_2026_05,casa_flora,scrape_casa_flora,vinho,True,True,,True,0.0,,,,,,"Sobremesas, queijos azuis (Roquefort, Gorgonzola), nozes, café, charutos.",,,aprovado_automatico,2026-04-26T23:42:35.187693+00:00,2026-04-27T14:39:50.656983+00:00,2026-04-27T14:39:50.656983+00:00,,,,,"nao-vinho (termo 'whisky', teor 43.0)"
51f4f1f5-b2b2-4592-8b06-3b7659c67e3b,Licor Italiano Bottega Limoncino 500ml,Botega,,,0.0,fortificado,,,,Itália,Trevisto,229.9,$$$,"[{""fonte"": ""casa_flora"", ""preco_brl"": 229.9, ""data"": ""2026-04-26T23:42:59.708541+00:00""}]",500,30.0,https://casaflora.vtexassets.com/arquivos/ids/158635-800-auto?v=638881855248500000&width=800&height=auto&aspect=true,,https://www.casaflora.com.br/620691-licor-italiano-bottega-limoncino-500ml/p,,,3.0,0.0,3.0,5.0,5.0,medio,alto,,,v7_enrichment_llm_2026_05,casa_flora,scrape_casa_flora,vinho,True,True,,True,0.0,,,,,,"Sobremesas, queijos azuis (Roquefort, Gorgonzola), nozes, café, charutos.","O Limoncino da Bottega é um licor de limão produzido em Treviso, no Vêneto — a mesma região do Prosecco. A Bottega, fundada em 1977, ficou conhecida pelas garrafas espelhadas douradas, mas o Limoncino é um produto diferente: maceração de cascas de limão em álcool neutro, com adição de açúcar e água. É parente próximo do Limoncello do sul da Itália, mas produzido no norte.",,aprovado_automatico,2026-04-26T23:42:59.708541+00:00,2026-04-27T14:39:50.656983+00:00,2026-04-27T14:39:50.656983+00:00,,,,,"nao-vinho (termo 'licor', teor 30.0)"
621e4f0b-d12f-4560-8354-68fca42fcfc2,Licor Italiano Bottega Nero 500ml,Bottega,,,0.0,sobremesa,,,,Itália,TREVISO,256.9,$$$,"[{""fonte"": ""casa_flora"", ""preco_brl"": 256.9, ""data"": ""2026-04-26T23:43:07.379324+00:00""}]",500,,https://casaflora.vtexassets.com/arquivos/ids/158636-800-auto?v=638881855259600000&width=800&height=auto&aspect=true,,https://www.casaflora.com.br/620692-licor-italiano-bottega-nero-500ml/p,,,1.0,0.0,4.0,2.0,5.0,medio,alto,,,v7_enrichment_llm_2026_05,casa_flora,scrape_casa_flora,vinho,True,True,,True,0.0,,,,,,"Sobremesas à base de frutas, queijos azuis, foie gras, ou simplesmente como digestivo.","O Bottega Nero é um licor de chocolate da família Bottega, produtora do Vêneto com sede em Treviso. A linha Bottega mistura destilados italianos com sabores como café, baunilha e chocolate — e a garrafa preta opaca virou marca registrada visual da série. Não é vinho: é categoria de licor, com teor alcoólico em torno de 17%, feito pra servir gelado ou em drinques.",,aprovado_automatico,2026-04-26T23:43:07.379324+00:00,2026-04-27T14:39:50.656983+00:00,2026-04-27T14:39:50.656983+00:00,,,,,"nao-vinho (termo 'licor', teor ausente)"
7b6beee9-6c17-44dd-98e5-aed79b0404d2,Licor Italiano Bottega Gianduia 500ml,Bottega,,,0.0,fortificado,,,,Itália,TREVISO,256.9,$$$,"[{""fonte"": ""casa_flora"", ""preco_brl"": 256.9, ""data"": ""2026-04-26T23:44:12.477169+00:00""}]",500,17.0,https://casaflora.vtexassets.com/arquivos/ids/158637-800-auto?v=638881855241900000&width=800&height=auto&aspect=true,,https://www.casaflora.com.br/620693-licor-italiano-bottega-gianduia-500ml/p,,,1.0,0.0,4.0,2.0,5.0,medio,alto,,,v7_enrichment_llm_2026_05,casa_flora,scrape_casa_flora,vinho,True,True,,True,0.0,,,,,,"Sobremesas, queijos azuis (Roquefort, Gorgonzola), nozes, café, charutos.","Gianduia é uma mistura italiana de chocolate com avelã que nasceu em Turim no século XIX — conta a história que chocolateiros piemonteses adicionaram avelã moída ao cacau quando o bloqueio napoleônico cortou o abastecimento. A Bottega, de Treviso, transformou esse sabor clássico num licor: base alcoólica com creme de chocolate e avelã, seguindo a mesma lógica da confeitaria original do Piemonte.",,aprovado_automatico,2026-04-26T23:44:12.477169+00:00,2026-04-27T14:39:50.656983+00:00,2026-04-27T14:39:50.656983+00:00,,,,,"nao-vinho (termo 'licor', teor 17.0)"
85c1539e-b773-400d-8f45-4d60f6288ef3,Licor Italiano Bottega Tiramisú 500ml,Bottega,,,0.0,sobremesa,,,,Itália,Treviso,299.9,$$$,"[{""fonte"": ""casa_flora"", ""preco_brl"": 299.9, ""data"": ""2026-04-26T23:44:44.887530+00:00""}]",500,17.0,https://casaflora.vtexassets.com/arquivos/ids/158668-800-auto?v=638881855289170000&width=800&height=auto&aspect=true,,https://www.casaflora.com.br/620695-licor-italiano-bottega-tiramis-500ml/p,,,1.0,0.0,4.0,2.0,5.0,medio,alto,,,v7_enrichment_llm_2026_05,casa_flora,scrape_casa_flora,vinho,True,True,,True,0.0,,,,,,"Sobremesas à base de frutas, queijos azuis, foie gras, ou simplesmente como digestivo.","O Tiramisú da Bottega não é vinho — é um licor produzido em Treviso, a mesma região do Vêneto onde o tiramisù como sobremesa ganhou forma nos anos 1960. A Bottega combina destilado de uva com creme e café, mimetizando a sobremesa em versão líquida. A garrafa dourada característica da marca é feita de alumínio, escolha que bloqueia luz e mantém temperatura mais estável que o vidro.",,aprovado_automatico,2026-04-26T23:44:44.887530+00:00,2026-04-27T14:39:50.656983+00:00,2026-04-27T14:39:50.656983+00:00,,,,,"nao-vinho (termo 'licor', teor 17.0)"
015af1cd-abb9-4200-b9ea-b53e26e1322b,Saca Rolhas La Linda,Luigi Bosca,,,0.0,tinto,,,,Argentina,,39.9,$,"[{""fonte"": ""decanter"", ""preco_brl"": 39.9, ""data"": ""2026-04-26T16:28:25.681583+00:00""}]",750,,https://decantervinhos.vtexassets.com/arquivos/ids/160473-800-1040?v=639009717092030000&width=800&height=1040&aspect=true,,https://www.decanter.com.br/saca-rolhas-la-linda/p,,,3.0,3.0,3.0,4.0,1.0,medio,alto,,,v7_enrichment_llm_2026_05,decanter,scrape_decanter,vinho,True,False,nao_vinho_filtro_v9_5,True,0.0,,,,,,"Carnes vermelhas, queijos curados, massas com molhos à base de carne, charcutaria.","La Linda é a linha de entrada da Luigi Bosca, vinícola fundada em 1901 em Luján de Cuyo, Mendoza. O nome vem da fazenda histórica da família Arizu — 'La Linda' era o nome da propriedade. A linha foi criada pra ser acessível, mas usa uvas das próprias vinhas da casa em Mendoza. 'Saca Rolhas' é o apelido dado pelo importador brasileiro, não faz parte do nome original.",,aprovado_automatico,2026-04-26T16:28:25.681583+00:00,2026-04-27T14:39:50.658030+00:00,2026-04-27T14:39:50.658030+00:00,,,,,"nao-vinho (termo 'saca rolhas', teor ausente)"
8bd6515d-5227-4b9f-be0e-7ec0677fee0f,Hermann Coquetel Bossa Bellini N6,Vinícola Hermann,,,0.0,frisante,,Espumante,pequena parte de suco de pêssego,Brasil,"Serra Gaúcha, RS",92.0,$$,"[{""fonte"": ""decanter"", ""preco_brl"": 92, ""data"": ""2026-04-26T16:32:35.358882+00:00""}]",750,5.0,https://decantervinhos.vtexassets.com/arquivos/ids/160226-800-1040?v=638968474477500000&width=800&height=1040&aspect=true,,https://www.decanter.com.br/hermann-coquetel-bossa-bellini-n6/p,,,3.0,0.0,2.0,4.0,4.0,medio,alto,,,v7_enrichment_llm_2026_05,decanter,scrape_decanter,vinho,True,True,,False,0.0,,,,,,"Aperitivos, frutas, sobremesas leves, momentos descontraídos.","A Vinícola Hermann fica em Dois Lajeados, na Serra Gaúcha, fora do circuito mais famoso do Vale dos Vinhedos — e aposta em produtos que fogem do espumante clássico. O Bossa Bellini é um frisante de baixo teor alcoólico pensado pra mistura com suco de pêssego, no estilo do coquetel veneziano. A linha 'Coquetel' da Hermann trata a bebida como ingrediente, não como protagonista isolado.",,aprovado_automatico,2026-04-26T16:32:35.358882+00:00,2026-04-27T14:39:50.661943+00:00,2026-04-27T14:39:50.661943+00:00,fase4_llm_2026_04_27,,,,"nao-vinho (termo 'coquetel', teor 5.0)"
99b43ad8-1c49-442a-9119-894c84754be5,Kit Terranoble Carménère CA1 e CA2,Terranoble,,,0.0,tinto,,,,Chile,,566.4,$$$$,"[{""fonte"": ""decanter"", ""preco_brl"": 566.4, ""data"": ""2026-04-26T17:07:10.068214+00:00""}]",750,,https://decantervinhos.vtexassets.com/arquivos/ids/159316-800-auto?v=638690140524470000&width=800&height=auto&aspect=true,,https://www.decanter.com.br/kit-terranoble-carmenere-ca1-e-ca2/p,,,3.0,3.0,4.0,4.0,1.0,medio,alto,,,v7_enrichment_llm_2026_05,decanter,scrape_decanter,vinho,True,False,nao_vinho_filtro_v9_5,True,0.0,,,,,,"Carnes vermelhas, queijos curados, massas com molhos à base de carne, charcutaria.","A Terranoble tem dois vinhedos históricos de Carménère no Vale do Maule — o CA1 e o CA2, sigla de 'Carménère Antigua'. São plantas velhas, algumas com mais de 80 anos, cultivadas em sistema de cabeça sem irrigação. A diferença entre os dois está no solo: CA1 em argila mais pesada, CA2 em solos mais arenosos. O kit existe exatamente pra comparar o que o terroir faz com a mesma uva, lado a lado.",,aprovado_automatico,2026-04-26T17:07:10.068214+00:00,2026-04-27T14:39:50.665032+00:00,2026-04-27T14:39:50.665032+00:00,,,,,"nao-vinho (termo 'kit', teor ausente)"
0dbffcc6-fa41-44c5-9645-b01ba4a72ece,Kit Tintos Italianos | 3 Castellani Santonino + 3 Infinitum Primitivo,Castellani,,,0.0,tinto,,Primitivo,Uvas variadas,Itália,,359.4,$$$,"[{""fonte"": ""evino"", ""preco_brl"": 359.4, ""data"": ""2026-04-26T15:44:49.967927+00:00""}]",750,,"https://img.evino.com.br/evino/image/upload/q_auto:good,fl_progressive:steep,f_auto,dpr_1.0,h_400/v1/products/0295671-standing-front.png",,https://www.evino.com.br/product/3-chianti-3-primitivo-0295671.html,,,2.0,3.0,4.0,5.0,2.0,medio,alto,,,v7_enrichment_llm_2026_05,evino,scrape_evino,vinho,True,False,nao_vinho_filtro_v9_5,True,0.0,,,,,,"Pizza, massas com molho de tomate forte, costela suína, hambúrguer, queijos curados.","O Primitivo é a mesma uva do Zinfandel californiano — DNA idêntico confirmado nos anos 1990. Na Itália, a uva está concentrada na Puglia, no sul, onde o calor intenso produz tintos com alto teor alcoólico e fruta escura bem madura. O Primitivo di Manduria ganhou DOC em 1974 e hoje é uma das denominações mais exportadas da região.",,aprovado_automatico,2026-04-26T15:44:49.967927+00:00,2026-04-27T14:39:50.666216+00:00,2026-04-27T14:39:50.666216+00:00,,,,,"nao-vinho (termo 'kit', teor ausente)"
629741e2-9ec3-4edf-a717-bb816cb15e7b,Kit Arcadia: 2 Malbec + 2 Cabernet Franc,Arcadia,,,0.0,tinto,,Malbec,Cabernet Franc,Argentina,,199.6,$$,"[{""fonte"": ""evino"", ""preco_brl"": 199.6, ""data"": ""2026-04-26T15:44:58.372235+00:00""}]",750,,"https://img.evino.com.br/evino/image/upload/q_auto:good,fl_progressive:steep,f_auto,dpr_1.0,h_400/v1/products/0277671-standing-front.png",,https://www.evino.com.br/product/2-arcadia-malbec-2-arcadia-cabernet-franc-0277671.html,,,3.0,4.0,4.0,4.0,1.0,baixo,alto,,,v7_enrichment_llm_2026_05,evino,scrape_evino,vinho,True,False,nao_vinho_filtro_v9_5,True,0.0,,,,,,"Carnes vermelhas grelhadas, churrasco, costelas, hambúrgueres gourmet, empanadas e queijos curados como o Reino.",,,aprovado_automatico,2026-04-26T15:44:58.372235+00:00,2026-04-27T14:39:50.666216+00:00,2026-04-27T14:39:50.666216+00:00,,,,,"nao-vinho (termo 'kit', teor ausente)"
d975c8cf-8187-48ed-a0b8-998a5555b485,Kit Portugueses Premiados | 3 Portada Winemaker’s + 3 Influente,Evino,,,0.0,tinto,,tempranillo,"Castelão, Touriga Nacional",Portugal,,39.9,$,"[{""fonte"": ""evino"", ""preco_brl"": 39.9, ""data"": ""2026-04-26T15:45:21.319143+00:00""}]",750,,"https://img.evino.com.br/evino/image/upload/q_auto:good,fl_progressive:steep,f_auto,dpr_1.0,h_400/v1/products/0267151-standing-front.png",,https://www.evino.com.br/product/portugueses-premiados-de-lisboa-por-39-90-cada-0267151.html,,,3.0,3.0,3.0,4.0,1.0,baixo,alto,,,v7_enrichment_llm_2026_05,evino,scrape_evino,vinho,True,False,nao_vinho_filtro_v9_5,True,0.0,,,,,,"Carnes vermelhas, queijos curados, massas com molhos à base de carne, charcutaria.",,,aprovado_automatico,2026-04-26T15:45:21.319143+00:00,2026-04-27T14:39:50.666216+00:00,2026-04-27T14:39:50.666216+00:00,,,,,"nao-vinho (termo 'kit', teor ausente)"
64473345-6442-4566-a16a-77357cd92d11,Kit Família Portada: 2 Tinto + 2 Branco + 2 Rosé,Portada,,,0.0,tinto,,Cabernet Sauvignon,"Caladoc, Castelão, Pinot Noir, syrah, Uvas variadas",Portugal,,299.4,$$$,"[{""fonte"": ""evino"", ""preco_brl"": 299.4, ""data"": ""2026-04-26T15:47:39.046453+00:00""}]",750,,"https://img.evino.com.br/evino/image/upload/q_auto:good,fl_progressive:steep,f_auto,dpr_1.0,h_400/v1/products/0256071-standing-front.png",,https://www.evino.com.br/product/familia-portada-2-tinto-2-branco-2-rose-0256071.html,,,3.0,3.0,3.0,4.0,1.0,baixo,alto,,,v7_enrichment_llm_2026_05,evino,scrape_evino,vinho,True,False,nao_vinho_filtro_v9_5,True,0.0,,,,,,"Carnes vermelhas grelhadas, cordeiro, queijos duros e maturados (Parmesão, Pecorino), pratos com cogumelos e molhos encorpados.",,,aprovado_automatico,2026-04-26T15:47:39.046453+00:00,2026-04-27T14:39:50.666216+00:00,2026-04-27T14:39:50.666216+00:00,,,,,"nao-vinho (termo 'kit', teor ausente)"
2febe0e2-83a1-41c9-9657-d0e5733aa992,Kit Tintos Portugueses com Portada Reserva,,,,0.0,tinto,,Uvas variadas,,Portugal,,42.9,$,"[{""fonte"": ""evino"", ""preco_brl"": 42.9, ""data"": ""2026-04-26T15:50:54.968544+00:00""}]",750,,"https://img.evino.com.br/evino/image/upload/q_auto:good,fl_progressive:steep,f_auto,dpr_1.0,h_400/v1/products/0291491-standing-front.png",,https://www.evino.com.br/product/10-portugueses-com-portada-reserva-0291491.html,,,3.0,3.0,3.0,3.0,1.0,baixo,alto,,,v7_enrichment_llm_2026_05,evino,scrape_evino,vinho,True,False,nao_vinho_filtro_v9_5,True,0.0,,,,,,"Carnes vermelhas, queijos curados, massas com molhos à base de carne, charcutaria.",,,aprovado_automatico,2026-04-26T15:50:54.968544+00:00,2026-04-27T14:39:50.667201+00:00,2026-04-27T14:39:50.667201+00:00,,,,,"nao-vinho (termo 'kit', teor ausente)"
d093b0d9-020d-44c7-bbb9-1ea5d03e9bca,Kit Portada Branco: 3 Reserva + 3 Winemaker's Selection,Portada,2023.0,,0.0,branco,,Fernão Pires,"Marsanne, Arinto, Verdejo, Alvarinho, Chardonnay, Moscatel",Portugal,,347.4,$$$,"[{""fonte"": ""evino"", ""preco_brl"": 347.4, ""data"": ""2026-04-26T15:55:01.646202+00:00""}]",750,,"https://img.evino.com.br/evino/image/upload/q_auto:good,fl_progressive:steep,f_auto,dpr_1.0,h_400/v1/products/0295591-standing-front.png",,https://www.evino.com.br/product/portada-fresh-3-portada-3-portada-reserva-branco-0295591.html,,,3.0,0.0,2.0,4.0,2.0,medio,alto,,,v7_enrichment_llm_2026_05,evino,scrape_evino,vinho,True,False,nao_vinho_filtro_v9_5,True,0.0,,,,,,"Peixes, frutos do mar, frango grelhado, queijos frescos, saladas e pratos leves.","Fernão Pires é a uva branca mais plantada de Portugal — cobre mais de 20 mil hectares, especialmente na região do Tejo e Lisboa. A Portada, produzida pela DFJ Vinhos, usa ela como base dos brancos acessíveis voltados pra exportação. A uva entrega aroma floral intenso e acidez moderada, com tendência aromática que lembra limão e camomila quando bem vinificada em clima quente.",,aprovado_automatico,2026-04-26T15:55:01.646202+00:00,2026-04-27T14:39:50.667689+00:00,2026-04-27T14:39:50.667689+00:00,,,,,"nao-vinho (termo 'kit', teor ausente)"
4f8dd0a4-8a46-4390-bf08-11b81a79dd58,Kit Portada Winemaker’s: 3 Brancos + 3 Rosés,Evino,,,0.0,rosé,,Cabernet Sauvignon,"Caladoc, Castelão, Pinot Noir, syrah, Uvas variadas",Portugal,,43.92,$,"[{""fonte"": ""evino"", ""preco_brl"": 43.92, ""data"": ""2026-04-26T15:56:56.650424+00:00""}]",750,,"https://img.evino.com.br/evino/image/upload/q_auto:good,fl_progressive:steep,f_auto,dpr_1.0,h_400/v1/products/0264341-standing-front.png",,https://www.evino.com.br/product/6-portada-winemaker-s-fresh-por-43-92-cada-com-cupom-0264341.html,,,3.0,0.0,2.0,4.0,2.0,medio,alto,,,v7_enrichment_llm_2026_05,evino,scrape_evino,vinho,True,False,nao_vinho_filtro_v9_5,True,0.0,,,,,,"Aperitivos, saladas, comida asiática, peixes leves, frutos do mar, frutas e queijos macios.",,,aprovado_automatico,2026-04-26T15:56:56.650424+00:00,2026-04-27T14:39:50.668810+00:00,2026-04-27T14:39:50.668810+00:00,,,,,"nao-vinho (termo 'kit', teor ausente)"
3b955532-7308-4943-a156-cc95f6b38071,Suco de Uva Branco Integral Sunny Days 1 Litro,,,,0.0,branco,,Moscatel,"Chenin Blanc, Verdejo",Brasil,Vale do São Francisco / BA,16.9,$,"[{""fonte"": ""miolo"", ""preco_brl"": 16.9, ""data"": ""2026-04-26T16:26:04.630298+00:00""}]",1000,0.0,https://cdn.dooca.store/278/products/suco-1l-branco.png?v=1745932507,,https://www.miolo.com.br/suco-de-uva-branco-integral-sunny-days-1-litro-1,,,2.0,0.0,3.0,5.0,5.0,medio,alto,,,v7_enrichment_llm_2026_05,miolo,scrape_miolo,vinho,True,True,,True,0.0,,,,,,"Peixes, frutos do mar, frango grelhado, queijos frescos, saladas e pratos leves.","O Vale do São Francisco, no semiárido nordestino, é a única região vitícola do mundo que produz duas safras por ano — porque o calendário é controlado pela irrigação, não pelas estações. A Moscatel usada em sucos integrais da região tem aroma intenso de uva fresca e floral, traço genético da uva que se mantém mesmo sem fermentação alcoólica.",,aprovado_automatico,2026-04-26T16:26:04.630298+00:00,2026-04-27T14:39:50.672843+00:00,2026-04-27T14:39:50.672843+00:00,,,,,"nao-vinho (termo 'suco', teor 0.0)"
62f5a358-3ae6-44dd-bd42-9df226f9c67b,Suco de Uva Branco Integral Sunny Days 300ml,Sunny Days,,,0.0,branco,,Moscatel,"Chenin Blanc, Verdejo",Brasil,Vale do São Francisco / BA,9.9,$,"[{""fonte"": ""miolo"", ""preco_brl"": 9.9, ""data"": ""2026-04-26T16:26:35.237033+00:00""}]",300,0.0,https://cdn.dooca.store/278/products/suco-branco-300ml.png?v=1745932428,,https://www.miolo.com.br/suco-de-uva-branco-integral-sunny-days-300ml,,,2.0,0.0,2.0,5.0,5.0,medio,alto,,,v7_enrichment_llm_2026_05,miolo,scrape_miolo,vinho,True,True,,True,0.0,,,,,,"Peixes, frutos do mar, frango grelhado, queijos frescos, saladas e pratos leves.","O Vale do São Francisco, no Nordeste brasileiro, é uma das poucas regiões do mundo onde a videira produz duas safras por ano — graças à irrigação do rio e ao clima semiárido com sol intenso. A Moscatel cultivada ali tem ciclo controlado pela gestão da água, não pelas estações. Para suco integral, a uva é prensada sem adição de água ou açúcar, mantendo o mosto natural da fruta.",,aprovado_automatico,2026-04-26T16:26:35.237033+00:00,2026-04-27T14:39:50.672843+00:00,2026-04-27T14:39:50.672843+00:00,,,,,"nao-vinho (termo 'suco', teor 0.0)"
c30c8ee7-70a5-4807-86ab-34680c21a7eb,Suco de Uva Rosé Integral Sunny Days 1 Litro,Sunny Days,,,0.0,rose,,Moscato,"Grenache, Syrah",Brasil,Vale do São Francisco / BA,16.9,$,"[{""fonte"": ""miolo"", ""preco_brl"": 16.9, ""data"": ""2026-04-26T16:27:17.922660+00:00""}]",1000,0.0,https://cdn.dooca.store/278/products/rose-1l.jpg?v=1747326185,,https://www.miolo.com.br/suco-de-uva-rose-integral-sunny-days-1-litro-1,,,2.0,0.0,2.0,5.0,5.0,medio,alto,,,v7_enrichment_llm_2026_05,miolo,scrape_miolo,vinho,True,True,,False,0.0,,,,,,"Aperitivos, saladas, comida asiática, peixes leves, frutos do mar, frutas e queijos macios.","O Vale do São Francisco, no semiárido baiano, é uma das poucas regiões do mundo onde se colhe uva duas vezes por ano — o sol intenso e a irrigação pelo rio permitem controlar o ciclo da videira manualmente. A Moscato cultivada ali produz suco naturalmente adocicado e aromático, sem adição de açúcar, porque a uva já concentra altos níveis de glicose no calor do Nordeste.",,aprovado_automatico,2026-04-26T16:27:17.922660+00:00,2026-04-27T14:39:50.672843+00:00,2026-04-27T14:39:50.672843+00:00,fase4_llm_2026_04_27,,,,"nao-vinho (termo 'suco', teor 0.0)"
fda083b6-cf6d-4001-90e3-0387c05c34d4,Suco de Uva Rosé Integral Sunny Days 300ml,,,,0.0,rose,,Grenache,"Syrah, Tempranillo",Brasil,Vale do São Francisco / BA,9.9,$,"[{""fonte"": ""miolo"", ""preco_brl"": 9.9, ""data"": ""2026-04-27T09:58:43.086011+00:00""}]",300,0.0,https://cdn.dooca.store/278/products/rose-30ml_450x600+fill_ffffff.jpg?v=1747326331,,https://www.miolo.com.br/suco-de-uva-rose-integral-sunny-days-300ml,,,2.0,0.0,2.0,4.0,4.0,baixo,alto,,,v7_enrichment_llm_2026_05,miolo,scrape_miolo,vinho,True,True,,True,0.0,,,,,,"Aperitivos, saladas, comida asiática, peixes leves, frutos do mar, frutas e queijos macios.",,,aprovado_automatico,2026-04-27T09:58:43.086011+00:00,2026-04-27T14:39:50.672843+00:00,2026-04-27T14:39:50.672843+00:00,,,,,"nao-vinho (termo 'suco', teor 0.0)"
680861e8-a91b-4b5c-8e3e-4e57dc417952,Suco de Uva Tinto Integral Sunny Days 1 Litro,,,,0.0,tinto,,Isabel,"Violeta, Magna",Brasil,Vale do São Francisco / BA,24.9,$,"[{""fonte"": ""miolo"", ""preco_brl"": 24.9, ""data"": ""2026-04-26T16:29:54.204708+00:00""}]",1000,0.0,https://cdn.dooca.store/278/products/qhg8f7xn7fjht5jn3tjxbiqi512xszf1eg5s.jpg?v=1746038208,,https://www.miolo.com.br/suco-de-uva-tinto-integral-sunny-days-1-litro-1,,,3.0,0.0,3.0,5.0,5.0,medio,alto,,,v7_enrichment_llm_2026_05,miolo,scrape_miolo,vinho,True,True,,True,0.0,,,,,,"Carnes vermelhas, queijos curados, massas com molhos à base de carne, charcutaria.","A uva Isabel é americana pura — veio dos EUA no século XIX e foi a primeira variedade a se adaptar no Sul do Brasil. No Vale do São Francisco, ela virou base dos sucos integrais: o clima semiárido com irrigação do Rio São Francisco permite duas colheitas por ano, algo impossível na Serra Gaúcha. Por isso o Nordeste produz uva o ano todo, sem depender de safra fixa.",,aprovado_automatico,2026-04-26T16:29:54.204708+00:00,2026-04-27T14:39:50.672843+00:00,2026-04-27T14:39:50.672843+00:00,,,,,"nao-vinho (termo 'suco', teor 0.0)"
2458cb3d-10ab-4415-8519-5eef21f5471f,Suco de Uva Tinto Integral Sunny Days 300ml,,,,0.0,tinto,,Isabel,"Violeta, Magna",Brasil,Vale do São Francisco / BA,9.9,$,"[{""fonte"": ""miolo"", ""preco_brl"": 9.9, ""data"": ""2026-04-26T16:30:10.527102+00:00""}]",300,0.0,https://cdn.dooca.store/278/products/suco-tinto.png?v=1745932486,,https://www.miolo.com.br/suco-de-uva-tinto-integral-sunny-days-300ml-1,,,3.0,0.0,2.0,5.0,5.0,medio,alto,,,v7_enrichment_llm_2026_05,miolo,scrape_miolo,vinho,True,True,,True,0.0,,,,,,"Carnes vermelhas, queijos curados, massas com molhos à base de carne, charcutaria.",,,aprovado_automatico,2026-04-26T16:30:10.527102+00:00,2026-04-27T14:39:50.672843+00:00,2026-04-27T14:39:50.672843+00:00,,,,,"nao-vinho (termo 'suco', teor 0.0)"
53361206-7eec-45a8-b8c2-0dcec2212a89,Miolo Brandy Imperial 15 Anos 750ml,Miolo,,,0.0,,,Moscato,,Brasil,Vale do São Francisco / BA,87.9,$$,"[{""fonte"": ""miolo"", ""preco_brl"": 87.9, ""data"": ""2026-04-26T16:34:05.200163+00:00""}]",750,36.0,https://cdn.dooca.store/278/products/y5muckvxly26afci7u8juv86cktstuucuinh.jpg?v=1728052065,,https://www.miolo.com.br/miolo-brandy-imperial-15-anos,,,2.0,0.0,4.0,3.0,3.0,medio,nao_resgatado,,,v7_enrichment_llm_2026_05,miolo,scrape_miolo,vinho,True,False,nao_vinho_filtro_v9_5,True,0.0,,,,,,,"O Miolo Brandy Imperial 15 Anos é destilado de Moscato do Vale do São Francisco e envelhecido em barris de carvalho por 15 anos — tempo longo para um brandy brasileiro. O Vale do São Francisco, no semiárido baiano, permite até duas safras por ano graças à irrigação e ao clima controlado, o que dá matéria-prima constante para a destilação.",,aprovado_automatico,2026-04-26T16:34:05.200163+00:00,2026-04-27T14:39:50.672843+00:00,2026-04-27T14:39:50.672843+00:00,,,,,"nao-vinho (termo 'brandy', teor 36.0)"
30e0462e-e9b8-4a54-914f-cba94877ece3,The Gardener Gin,Famille Perrin,,,0.0,tinto,,,,França,Provence,899.0,$$$$,"[{""fonte"": ""mistral"", ""preco_brl"": 899, ""data"": ""2026-04-26T18:39:36.556579+00:00""}]",700,42.0,https://www.mistral.com.br/_next/image?url=https%3A%2F%2Fcdn.mistral.com.br%2Fproducts%2F37432%2Fimg_h_37432.png%3Fv%3D20260422_181557&w=1920&q=75,,https://www.mistral.com.br/produto/the-gardener-gin-famille-perrin,,,3.0,3.0,3.0,3.0,1.0,baixo,alto,,,v7_enrichment_llm_2026_05,mistral,scrape_mistral,vinho,True,True,,True,0.0,,,,,,"Carnes vermelhas, queijos curados, massas com molhos à base de carne, charcutaria.",,,aprovado_automatico,2026-04-26T18:39:36.556579+00:00,2026-04-27T14:39:50.677854+00:00,2026-04-27T14:39:50.677854+00:00,,,,,"nao-vinho (termo 'gin', teor 42.0)"
b4e9e2ea-6582-4c8d-b844-bca40d93e6d5,PRESIDENTE VODKA,Salton,,,0.0,,,,,Brasil,,,,,900,36.0,https://www.salton.com.br/upload/produto/presidente-vodka-2024.png,,https://www.salton.com.br/produto/presidente-vodka,,,1.0,0.0,1.0,1.0,1.0,baixo,alto,,,v7_enrichment_llm_2026_05,salton,scrape_salton,vinho,True,True,,True,0.0,,,,,,,,,aprovado_automatico,2026-04-26T15:40:51.988548+00:00,2026-04-27T14:39:50.683856+00:00,2026-04-27T14:39:50.683856+00:00,,,,,"nao-vinho (termo 'vodka', teor 36.0)"
5504aff9-d7d8-41b4-9a7e-391447774b11,VORUS VODKA,Salton,,,0.0,,,,,Brasil,,,,,1000,37.0,https://www.salton.com.br/upload/produto/vorus-vodka-2025.png,,https://www.salton.com.br/produto/vorus-vodka,,,1.0,0.0,2.0,1.0,1.0,baixo,nao_resgatado,,,v7_enrichment_llm_2026_05,salton,scrape_salton,vinho,True,True,,True,0.0,,,,,,,,,aprovado_automatico,2026-04-26T15:41:04.726250+00:00,2026-04-27T14:39:50.683856+00:00,2026-04-27T14:39:50.683856+00:00,,,,,"nao-vinho (termo 'vodka', teor 37.0)"
eeff57f4-de9f-4524-a91b-f19cf51c1003,SACOLA KRAFT REVENDA 01 GARRAFA,,,,0.0,,,,,,,9.99,$,"[{""fonte"": ""wine"", ""preco_brl"": 9.99, ""data"": ""2026-04-27T12:05:34.891706+00:00""}]",750,,"https://www.wine.com.br/cdn-cgi/image/f=png,h=515,q=99/assets-images/produtos/19302-01.png",,https://www.wine.com.br/oculta/sacola-kraft-revenda-01-garrafa/prod19302.html,,,3.0,0.0,3.0,3.0,3.0,baixo,nao_resgatado,,,v7_enrichment_llm_2026_05,wine,scrape_wine,vinho,True,True,,True,0.0,,,,,,,,,aprovado_automatico,2026-04-27T12:05:34.891706+00:00,2026-04-27T14:39:50.685686+00:00,2026-04-27T14:39:50.685686+00:00,,,,,"nao-vinho (termo 'sacola', teor ausente)"
934be4ff-17b0-4af5-9095-905305a7fcaa,Vinagre de Fruta Cidra de Normandie 250ml Beaufor,Beaufor,,,0.0,,,,,França,,26.9,$,"[{""fonte"": ""world_wine"", ""preco_brl"": 26.9, ""data"": ""2026-04-27T13:09:58.364628+00:00""}]",250,,https://worldwine.vtexassets.com/arquivos/ids/167841-800-auto?v=638575111729870000&width=800&height=auto&aspect=true,,https://www.worldwine.com.br/vinagre-fr-beaufor-fruta-cidra-normandie-250ml-026158/p,,,5.0,0.0,1.0,3.0,1.0,baixo,alto,,,v7_enrichment_llm_2026_05,world_wine,scrape_world_wine,vinho,True,False,nao_vinho_filtro_v9_5,True,0.0,,,,,,,,,aprovado_automatico,2026-04-27T13:09:58.364628+00:00,2026-04-27T14:39:50.692112+00:00,2026-04-27T14:39:50.692112+00:00,,,,,"nao-vinho (termo 'vinagre', teor ausente)"
42e4eec4-b179-4a9a-8777-4398e107956b,Vinagre de Vinho Branco Uvas de Champagne Ardenne 250ml,Beaufor,,,0.0,,,,,França,,44.3,$,"[{""fonte"": ""world_wine"", ""preco_brl"": 44.3, ""data"": ""2026-04-26T18:16:10.294588+00:00""}]",250,7.0,https://worldwine.vtexassets.com/arquivos/ids/167836-800-auto?v=638575096228930000&width=800&height=auto&aspect=true,,https://www.worldwine.com.br/vinagre-fr-beaufor-vinho-bco-champ-ardenne-250ml-026163/p,,,5.0,0.0,2.0,2.0,1.0,baixo,alto,,,v7_enrichment_llm_2026_05,world_wine,scrape_world_wine,vinho,True,False,nao_vinho_filtro_v9_5,True,0.0,,,,,,,,,aprovado_automatico,2026-04-26T18:16:10.294588+00:00,2026-04-27T14:39:50.692112+00:00,2026-04-27T14:39:50.692112+00:00,,,,,"nao-vinho (termo 'vinagre', teor 7.0)"
98c68e33-9539-49a0-8cca-b556e2237c3d,Vinagre de Vinho Branco C/ Estragao 250ml Beaufor,Beaufor,,,0.0,,,,,França,,26.9,$,"[{""fonte"": ""world_wine"", ""preco_brl"": 26.9, ""data"": ""2026-04-26T18:16:52.300549+00:00""}]",250,,https://worldwine.vtexassets.com/arquivos/ids/167838-800-auto?v=638575104024430000&width=800&height=auto&aspect=true,,https://www.worldwine.com.br/vinagre-fr-beaufor-vinho-branco-c-estragao-250ml-026161/p,,,3.0,0.0,2.0,2.0,1.0,baixo,alto,,,v7_enrichment_llm_2026_05,world_wine,scrape_world_wine,vinho,True,False,nao_vinho_filtro_v9_5,True,0.0,,,,,,,,,aprovado_automatico,2026-04-26T18:16:52.300549+00:00,2026-04-27T14:39:50.692112+00:00,2026-04-27T14:39:50.692112+00:00,,,,,"nao-vinho (termo 'vinagre', teor ausente)"
44784dcf-c331-433c-9d7e-3f66eb6ce5f7,Vinagre de Vinho Branco Uva Chardonnay 250ml Beaufor,Beaufor,,,0.0,,,Chardonnay,,França,,25.22,$,"[{""fonte"": ""world_wine"", ""preco_brl"": 25.22, ""data"": ""2026-04-26T18:16:58.452795+00:00""}]",250,,https://worldwine.vtexassets.com/arquivos/ids/167839-800-auto?v=638575105782070000&width=800&height=auto&aspect=true,,https://www.worldwine.com.br/vinagre-fr-beaufor-vinho-branco-chardonnay-250ml-026160/p,,,5.0,0.0,1.0,2.0,1.0,baixo,alto,,,v7_enrichment_llm_2026_05,world_wine,scrape_world_wine,vinho,True,False,nao_vinho_filtro_v9_5,True,0.0,,,,,,,,,aprovado_automatico,2026-04-26T18:16:58.452795+00:00,2026-04-27T14:39:50.692112+00:00,2026-04-27T14:39:50.692112+00:00,,,,,"nao-vinho (termo 'vinagre', teor ausente)"
096cf2bd-db29-43d1-be4d-160031510c27,Vinagre de Vinho Tinto Uva Merlot 250ml Beaufor,Beaufor,,,0.0,,,Merlot,,França,,25.22,$,"[{""fonte"": ""world_wine"", ""preco_brl"": 25.22, ""data"": ""2026-04-26T18:18:10.850577+00:00""}]",250,,https://worldwine.vtexassets.com/arquivos/ids/167842-800-auto?v=638575113441130000&width=800&height=auto&aspect=true,,https://www.worldwine.com.br/vinagre-fr-beaufor-vinho-tinto-merlot-250ml-026157/p,,,5.0,0.0,1.0,2.0,1.0,baixo,alto,,,v7_enrichment_llm_2026_05,world_wine,scrape_world_wine,vinho,True,False,nao_vinho_filtro_v9_5,True,0.0,,,,,,,,,aprovado_automatico,2026-04-26T18:18:10.850577+00:00,2026-04-27T14:39:50.692112+00:00,2026-04-27T14:39:50.692112+00:00,,,,,"nao-vinho (termo 'vinagre', teor ausente)"
5c5f60c2-28c6-4bb0-ba23-814534f4fdc7,Vinagre de Vinho Tinto Com Suco de Framboesa 250ml Beaufor,Beaufor,,,0.0,,,,,França,,33.63,$,"[{""fonte"": ""world_wine"", ""preco_brl"": 33.63, ""data"": ""2026-04-27T13:18:08.597761+00:00""}]",250,,https://worldwine.vtexassets.com/arquivos/ids/167840-800-auto?v=638575108367270000&width=800&height=auto&aspect=true,,https://www.worldwine.com.br/vinagre-fr-beaufor-vinho-tinto-c-framboesa-250ml-026159/p,,,0.0,0.0,0.0,0.0,0.0,baixo,alto,,,v7_enrichment_llm_2026_05,world_wine,scrape_world_wine,vinho,True,False,nao_vinho_filtro_v9_5,True,0.0,,,,,,,,,aprovado_automatico,2026-04-27T13:18:08.597761+00:00,2026-04-27T14:39:50.692112+00:00,2026-04-27T14:39:50.692112+00:00,,,,,"nao-vinho (termo 'vinagre', teor ausente)"
ad167bc9-5f0a-4df7-b470-02289be89f18,Vinagre de Vinho de Jerez 250ml Beaufor,Beaufor,,,0.0,,,,,França,,33.67,$,"[{""fonte"": ""world_wine"", ""preco_brl"": 33.67, ""data"": ""2026-04-26T18:19:02.037259+00:00""}]",250,,https://worldwine.vtexassets.com/arquivos/ids/167837-800-auto?v=638575100252900000&width=800&height=auto&aspect=true,,https://www.worldwine.com.br/vinagre-fr-beaufor-vinho-xeres-250ml-026162/p,,,3.0,0.0,2.0,2.0,1.0,baixo,alto,,,v7_enrichment_llm_2026_05,world_wine,scrape_world_wine,vinho,True,False,nao_vinho_filtro_v9_5,True,0.0,,,,,,,,,aprovado_automatico,2026-04-26T18:19:02.037259+00:00,2026-04-27T14:39:50.692112+00:00,2026-04-27T14:39:50.692112+00:00,,,,,"nao-vinho (termo 'vinagre', teor ausente)"
b7630dd7-452b-4492-9bb1-9bae1e7ed262,Vinagre Italiano La Pastina Maca Nao Filtrado 500ml,La Pastina,,,0.0,tinto,,,,Itália,Ribera del Duero,31.26,$,"[{""fonte"": ""world_wine"", ""preco_brl"": 31.26, ""data"": ""2026-04-27T13:21:30.050507+00:00""}]",500,,https://worldwine.vtexassets.com/arquivos/ids/167866-800-auto?v=638582021348130000&width=800&height=auto&aspect=true,,https://www.worldwine.com.br/vinagre-it-la-pastina-maca-nao-filtrado-500ml-024929/p,,,3.0,3.0,3.0,3.0,1.0,baixo,alto,,,v7_enrichment_llm_2026_05,world_wine,scrape_world_wine,vinho,True,False,nao_vinho_filtro_v9_5,True,0.0,,,,,,"Carnes vermelhas, queijos curados, massas com molhos à base de carne, charcutaria.",,,aprovado_automatico,2026-04-27T13:21:30.050507+00:00,2026-04-27T14:39:50.693112+00:00,2026-04-27T14:39:50.693112+00:00,,,,,"nao-vinho (termo 'vinagre', teor ausente)"
d6d5ce10-f652-4eab-b63f-22cfe19290f7,Licor Crema Di Liquore Al Cioccolato,,,,0.0,sobremesa,,,,Itália,Umbria,274.55,$$$,"[{""fonte"": ""world_wine"", ""preco_brl"": 274.55, ""data"": ""2026-04-26T20:15:49.886883+00:00""}]",500,15.0,https://worldwine.vtexassets.com/arquivos/ids/157472-800-auto?v=636803015837000000&width=800&height=auto&aspect=true,,https://www.worldwine.com.br/crema-di-liquore-al-cioccolato-500-024061/p,,,1.0,0.0,4.0,2.0,5.0,medio,alto,,,v7_enrichment_llm_2026_05,world_wine,scrape_world_wine,vinho,True,True,,True,0.0,,,,,,"Sobremesas à base de frutas, queijos azuis, foie gras, ou simplesmente como digestivo.",,,aprovado_automatico,2026-04-26T20:15:49.886883+00:00,2026-04-27T14:39:50.705694+00:00,2026-04-27T14:39:50.705694+00:00,,,,,"nao-vinho (termo 'licor', teor 15.0)"
c1f15179-5998-45ca-8a1e-63e8a0cac422,Kit Garzón Petit Clos,Bodega Garzón,,,0.0,tinto,,Blend,,Uruguai,Maldonado,1752.75,$$$$$,"[{""fonte"": ""world_wine"", ""preco_brl"": 1752.75, ""data"": ""2026-04-27T12:28:35.810896+00:00""}]",750,,https://worldwine.vtexassets.com/assets/vtex.file-manager-graphql/images/47cba4af-3bea-44ed-a70f-7e15b4d27021___c161e8b5a2f42fb472d1d43b76f332b2.jpg,,https://www.worldwine.com.br/garzon-petit-clos-caixa-madeira-iii-k-029634/p,,,3.0,3.0,3.0,4.0,1.0,medio,alto,,,v7_enrichment_llm_2026_05,world_wine,scrape_world_wine,vinho,True,False,nao_vinho_filtro_v9_5,True,0.0,,,,,,"Carnes vermelhas, queijos curados, massas com molhos à base de carne, charcutaria.","A Bodega Garzón fica em Maldonado, no sudeste do Uruguai — região de granito aflorante e altitude que poucos associam ao país. A vinícola foi projetada pelo arquiteto Mario Arquitectonica e opera com certificação LEED, incomum na América do Sul. O Petit Clos é a linha de entrada da casa, mas usa uvas das mesmas parcelas dos vinhos top, só com menos tempo de barrica.",,aprovado_automatico,2026-04-27T12:28:35.810896+00:00,2026-04-27T14:39:50.705694+00:00,2026-04-27T14:39:50.705694+00:00,,,,,"nao-vinho (termo 'kit', teor ausente)"
9a30d5eb-f314-4da0-a252-fa176c0c8209,Kit Dievole Chianti Classico Single Vineyard 3 Crus Collection,Dievole,,,0.0,tinto,,Sangiovese,,Itália,Toscana,2698.0,$$$$$,"[{""fonte"": ""world_wine"", ""preco_brl"": 2698.0, ""data"": ""2026-04-26T20:57:34.365690+00:00""}]",750,,https://worldwine.vtexassets.com/arquivos/ids/167660-800-auto?v=638527791013970000&width=800&height=auto&aspect=true,,https://www.worldwine.com.br/v-it-dievole-tt-chianti-cls-sv-cru-6-grfs-750-20-k-028427/p,,,4.0,4.0,3.0,3.0,1.0,medio,alto,,,v7_enrichment_llm_2026_05,world_wine,scrape_world_wine,vinho,True,False,nao_vinho_filtro_v9_5,False,0.0,,,,,,"Massa ao ragu, lasanha, pizza margherita, ossobuco, queijo parmesão, charcutaria italiana.","A Dievole fica em Vaggiali, no coração do Chianti Classico, e aposta em vinhedos individuais — cada cru fermenta separado pra mostrar como o solo muda o Sangiovese dentro de uma mesma denominação. É uma abordagem borgonhesa aplicada à Toscana: mesma uva, terroirs distintos, rótulos diferentes. O kit reúne três dessas parcelas numa coleção pensada pra comparar.",,aprovado_automatico,2026-04-26T20:57:34.365690+00:00,2026-04-27T14:39:50.705694+00:00,2026-04-27T14:39:50.705694+00:00,fase4_llm_2026_04_27,,,,"nao-vinho (termo 'kit', teor ausente)"
2468cb8f-8f43-4ec2-9465-a736583505ce,Licor Amaretto 500ml,,,,0.0,sobremesa,,,,Itália,Umbria,226.1,$$$,"[{""fonte"": ""world_wine"", ""preco_brl"": 226.1, ""data"": ""2026-04-26T20:59:00.866196+00:00""}]",500,28.0,https://worldwine.vtexassets.com/arquivos/ids/165255-800-auto?v=638060457498330000&width=800&height=auto&aspect=true,,https://www.worldwine.com.br/licor-it-antica-valle-francescana-amaretto-500-026427/p,,,1.0,0.0,4.0,3.0,5.0,medio,alto,,,v7_enrichment_llm_2026_05,world_wine,scrape_world_wine,vinho,True,True,,True,0.0,,,,,,"Sobremesas à base de frutas, queijos azuis, foie gras, ou simplesmente como digestivo.",,,aprovado_automatico,2026-04-26T20:59:00.866196+00:00,2026-04-27T14:39:50.705694+00:00,2026-04-27T14:39:50.705694+00:00,,,,,"nao-vinho (termo 'licor', teor 28.0)"
192986bb-56f4-40ff-8a95-b72c9d959791,Cooler De Pêssego com Vinho Pérgola Tinto Suave 750ml,Pérgola,,,,tinto,,Tinto,,Brasil,,29.92,$,"[{""fonte"": ""v6_stream_1"", ""preco_brl"": 29.92, ""url"": ""https://www.magazineluiza.com.br/cooler-de-pessego-com-vinho-pergola-tinto-suave-750ml/p/ja2add0aj8/me/vnho/?seller_id=minimercadoonline"", ""data"": ""2026-04-30T23:12:44.145467Z""}]",750,,https://a-static.mlcdn.com.br/280x210/cooler-de-pessego-com-vinho-pergola-tinto-suave-750ml/minimercadoonline/15839983551/176fb42007f01869825d881780c53929.jpeg,,,,,2.0,1.0,2.0,5.0,4.0,baixo,alto,medio,,v7_enrichment_llm_2026_05,v6_stream_1,v6_stream_1,vinho,True,True,,True,0.0,,,,,,,,,pendente,2026-04-30T23:12:44.145467Z,2026-04-30T23:12:44.145467Z,2026-04-30T23:12:44.145467Z,,,,,"nao-vinho (termo 'cooler', teor ausente)"
v10-ml-10238691adca,Frisante Salton Lunae Drinks Sangria 750ml,Salton,,0.0,1.0,tinto,,Blend Tinto,,Brasil,,31.2,,,750,,,,https://www.mercadolivre.com.br/frisante-salton-lunae-drinks-sangria-750ml/p/MLB21910721,,,3.0,0.0,2.0,5.0,4.0,medio,alto,baixo,,v10_enrichment_2026_05,mercadolivre_v10_top50,v10_ml_top50,vinho,True,True,,False,0.0,,,,,,,"A Salton, fundada em 1910 no Rio Grande do Sul, é uma das vinícolas mais antigas do Brasil ainda em operação familiar. A linha Lunae Drinks aposta em frisantes com sangria — uma releitura da bebida ibérica clássica feita com vinho, frutas e gás. O formato é um atalho brasileiro pra quem quer descontração sem precisar montar a receita em casa.",,auto_aprovado,2026-05-08T18:03:54.385053Z,2026-05-08T18:03:54.385053Z,2026-05-08T18:03:54.385053Z,v10_enrichment_llm,,,,"nao-vinho (termo 'sangria', teor ausente)"
v10-ml-66b386b2e7b7,Vinho Fausto Chardonnay 750ml C/ Cooler,INFERIR,,0.0,1.0,branco,,Chardonnay,,Outros,,171.01,,,750,,,,https://www.mercadolivre.com.br/vinho-fausto-chardonnay-750ml-c-cooler/p/MLB2058440544,,,3.0,0.0,3.0,3.0,2.0,baixo,medio,alto,,v10_enrichment_2026_05,mercadolivre_v10_top50,v10_ml_top50,vinho,True,True,,True,0.0,,,,,,,,,auto_aprovado,2026-05-08T18:03:54.385053Z,2026-05-08T18:03:54.385053Z,2026-05-08T18:03:54.385053Z,,,,,"nao-vinho (termo 'cooler', teor ausente)"
v10-ml-675d6f2841e7,Vinho Frisante Freixenet Sangria Mia Classic Royal 750ml,Freixenet,,0.0,1.0,tinto,,Blend Tinto,,Argentina,,68.97,,,750,,,,https://www.mercadolivre.com.br/vinho-frisante-freixenet-sangria-mia-classic-royal-750ml/up/MLBU3009429664,,,2.0,1.0,2.0,4.0,4.0,medio,alto,baixo,,v10_enrichment_2026_05,mercadolivre_v10_top50,v10_ml_top50,vinho,True,True,,False,0.0,,,,,,,"Sangria industrializada é uma categoria que cresceu fora da Espanha — a Freixenet, conhecida por espumantes catalães, também produz versões prontas para beber na Argentina. A Sangria Mia é um frisante adoçado com blend de uvas tintas, pensado para consumo sem cerimônia: gelado, com gelo ou frutas. Não é vinho de terroir, é produto de conveniência com gás e açúcar adicionados.",,auto_aprovado,2026-05-08T18:03:54.385053Z,2026-05-08T18:03:54.385053Z,2026-05-08T18:03:54.385053Z,v10_enrichment_llm,,,,"nao-vinho (termo 'sangria', teor ausente)"
v10-ml-5d1c71f6417a,Vinho Frisante Freixenet Sangria Mia White 750ml,Freixenet,,0.0,1.0,tinto,,Blend Tinto,,Argentina,,64.44,,,750,,,,https://www.mercadolivre.com.br/vinho-frisante-freixenet-sangria-mia-white-750ml/up/MLBU3009429650,,,3.0,0.0,2.0,5.0,4.0,medio,alto,baixo,,v10_enrichment_2026_05,mercadolivre_v10_top50,v10_ml_top50,vinho,True,True,,False,0.0,,,,,,,"A Freixenet é uma casa catalã famosa pelo Cava, mas a linha Sangria Mia é produzida na Argentina especificamente para o mercado latino-americano. A versão White é frisante e adocicada, feita no estilo sangria branca com fruta cítrica — bem diferente da tradição espanhola de Cava seco. É um produto de ocasião, não um vinho de terroir.",,auto_aprovado,2026-05-08T18:03:54.385053Z,2026-05-08T18:03:54.385053Z,2026-05-08T18:03:54.385053Z,v10_enrichment_llm,,,,"nao-vinho (termo 'sangria', teor ausente)"
v10-ml-ca2ba9f3ba55,Coquetel De Vinho Gaseificado Frisante Lunae Drinks Clericot 750ml Salton,Salton,,0.0,1.0,tinto,,Blend Tinto,,Brasil,,21.05,,,750,,,,https://www.mercadolivre.com.br/coquetel-de-vinho-gaseificado-frisante-lunae-drinks-clericot-750ml-salton/p/MLB19741024,,,2.0,0.0,2.0,5.0,4.0,medio,alto,baixo,,v10_enrichment_2026_05,mercadolivre_v10_top50,v10_ml_top50,vinho,True,True,,False,0.0,,,,,,,"O Clericot é uma bebida de origem argentina: vinho tinto misturado com suco de frutas e gelo, servido em grandes jarras nas reuniões de família. A Salton trouxe o conceito pro Brasil em formato pronto e gaseificado — sem precisar montar nada. É tecnicamente uma 'bebida mista de vinho', categoria diferente do vinho puro nas regras do MAPA.",,auto_aprovado,2026-05-08T18:03:54.385053Z,2026-05-08T18:03:54.385053Z,2026-05-08T18:03:54.385053Z,v10_enrichment_llm,,,,"nao-vinho (termo 'coquetel', teor ausente)"
v10-ml-966db847913f,Espumante Freixenet Cordon Negro + Carta Nevada Kits 6+1,Freixenet,,0.0,1.0,espumante,,Blend Espumante,,Espanha,,116.39,,,750,,,,https://www.mercadolivre.com.br/espumante-freixenet-cordon-negro--carta-nevada-kits-61/up/MLBU3076763708,,,4.0,0.0,2.0,3.0,2.0,alto,alto,baixo,,v10_enrichment_2026_05,mercadolivre_v10_top50,v10_ml_top50,vinho,True,True,,False,0.0,,,,,,,"O Cordon Negro é o espumante mais vendido do mundo — a garrafa fosca preta virou símbolo da Freixenet desde os anos 1970. A Freixenet é cava: espumante espanhol feito pelo método tradicional (mesma técnica do Champagne, segunda fermentação na garrafa) na região de Penedès, Catalunha. O blend clássico leva Macabeo, Xarel·lo e Parellada, uvas brancas locais.",,auto_aprovado,2026-05-08T18:03:54.385053Z,2026-05-08T18:03:54.385053Z,2026-05-08T18:03:54.385053Z,v10_enrichment_llm,,,,"nao-vinho (termo 'kits', teor ausente)"
v10-ml-e22f06d8b0ad,Quadro Don Pedro Ii Foto Colorida Monarquia Brasil Grande,Don Pedro,,0.0,1.0,tinto,,Blend Tinto,,Brasil,,24.99,,,750,,,,https://www.mercadolivre.com.br/quadro-don-pedro-ii-foto-colorida-monarquia-brasil-grande/up/MLBU1398856433,,,3.0,2.0,3.0,3.0,2.0,baixo,alto,baixo,,v10_enrichment_2026_05,mercadolivre_v10_top50,v10_ml_top50,vinho,True,True,,True,0.0,,,,,,,,,auto_aprovado,2026-05-08T18:03:54.385053Z,2026-05-08T18:03:54.385053Z,2026-05-08T18:03:54.385053Z,,,,,"nao-vinho (termo 'quadro', teor ausente)"
v10-ml-10779c176d5b,Quadro Foto Rara Don Pedro Ii Acervo Imperial Grande 42x29cm,Don Pedro,,0.0,1.0,tinto,,Blend Tinto,,Brasil,,49.88,,,750,,,,https://www.mercadolivre.com.br/quadro-foto-rara-don-pedro-ii-acervo-imperial-grande-42x29cm/up/MLBU1402837804,,,3.0,0.0,3.0,3.0,1.0,baixo,alto,baixo,,v10_enrichment_2026_05,mercadolivre_v10_top50,v10_ml_top50,vinho,True,True,,True,0.0,,,,,,,,,auto_aprovado,2026-05-08T18:03:54.385053Z,2026-05-08T18:03:54.385053Z,2026-05-08T18:03:54.385053Z,,,,,"nao-vinho (termo 'quadro', teor ausente)"
v10-ml-b11b07f4ea6f,Lindo Quadro Decorativo Pintura Don Pedro Ii 42x29cm,Don Pedro,,0.0,1.0,tinto,,Blend Tinto,,Brasil,,48.91,,,750,,,,https://www.mercadolivre.com.br/lindo-quadro-decorativo-pintura-don-pedro-ii-42x29cm/up/MLBU1414514258,,,3.0,3.0,3.0,3.0,1.0,baixo,alto,baixo,,v10_enrichment_2026_05,mercadolivre_v10_top50,v10_ml_top50,vinho,True,True,,True,0.0,,,,,,,,,auto_aprovado,2026-05-08T18:03:54.385053Z,2026-05-08T18:03:54.385053Z,2026-05-08T18:03:54.385053Z,,,,,"nao-vinho (termo 'quadro', teor ausente)"
v10-ml-608b55c58d07,Quadro Decorativo Imperador Don Pedro 2 Decorar,Don Pedro,,0.0,1.0,tinto,,Blend Tinto,,Brasil,,107.0,,,750,,,,https://www.mercadolivre.com.br/quadro-decorativo-imperador-don-pedro-2-decorar/up/MLBU1714855472,,,3.0,3.0,3.0,3.0,1.0,baixo,alto,baixo,,v10_enrichment_2026_05,mercadolivre_v10_top50,v10_ml_top50,vinho,True,True,,True,0.0,,,,,,,,,auto_aprovado,2026-05-08T18:03:54.385053Z,2026-05-08T18:03:54.385053Z,2026-05-08T18:03:54.385053Z,,,,,"nao-vinho (termo 'quadro', teor ausente)"
v10-ml-b1f79234c1dc,Quadro Don Pedro Ii Foto Colorida Monarquia Brasil,Don Pedro,,0.0,1.0,tinto,,Blend Tinto,,Brasil,,30.3,,,750,,,,https://www.mercadolivre.com.br/quadro-don-pedro-ii-foto-colorida-monarquia-brasil/up/MLBU757072676,,,3.0,3.0,3.0,3.0,1.0,baixo,alto,baixo,,v10_enrichment_2026_05,mercadolivre_v10_top50,v10_ml_top50,vinho,True,True,,True,0.0,,,,,,,,,auto_aprovado,2026-05-08T18:03:54.385053Z,2026-05-08T18:03:54.385053Z,2026-05-08T18:03:54.385053Z,,,,,"nao-vinho (termo 'quadro', teor ausente)"
v10-ml-78a532493ad8,Quadro Foto Rara Don Pedro Ii Acervo Imperial,Don Pedro,,0.0,1.0,tinto,,Blend Tinto,,Brasil,,30.3,,,750,,,,https://www.mercadolivre.com.br/quadro-foto-rara-don-pedro-ii-acervo-imperial/up/MLBU754074953,,,3.0,2.0,3.0,3.0,2.0,baixo,alto,baixo,,v10_enrichment_2026_05,mercadolivre_v10_top50,v10_ml_top50,vinho,True,True,,True,0.0,,,,,,,,,auto_aprovado,2026-05-08T18:03:54.385053Z,2026-05-08T18:03:54.385053Z,2026-05-08T18:03:54.385053Z,,,,,"nao-vinho (termo 'quadro', teor ausente)"
v10-ml-78935ed6e85c,Quadro Don Pedro Ii Foto Colorida Monarquia Brasil,Don Pedro,,0.0,1.0,tinto,,Blend Tinto,,Brasil,,41.38,,,750,,,,https://www.mercadolivre.com.br/quadro-don-pedro-ii-foto-colorida-monarquia-brasil/up/MLBU1124796524,,,3.0,3.0,3.0,3.0,1.0,baixo,alto,baixo,,v10_enrichment_2026_05,mercadolivre_v10_top50,v10_ml_top50,vinho,True,True,,True,0.0,,,,,,,,,auto_aprovado,2026-05-08T18:03:54.385053Z,2026-05-08T18:03:54.385053Z,2026-05-08T18:03:54.385053Z,,,,,"nao-vinho (termo 'quadro', teor ausente)"
v10-ml-b89a752bccd1,Quadro Foto Rara Don Pedro Ii Acervo Imperial,Don Pedro,,0.0,1.0,tinto,,Blend Tinto,,Brasil,,41.38,,,750,,,,https://www.mercadolivre.com.br/quadro-foto-rara-don-pedro-ii-acervo-imperial/up/MLBU1127798075,,,3.0,2.0,3.0,3.0,2.0,baixo,alto,baixo,,v10_enrichment_2026_05,mercadolivre_v10_top50,v10_ml_top50,vinho,True,True,,True,0.0,,,,,,,,,auto_aprovado,2026-05-08T18:03:54.385053Z,2026-05-08T18:03:54.385053Z,2026-05-08T18:03:54.385053Z,,,,,"nao-vinho (termo 'quadro', teor ausente)"
v10-ml-316b52636638,Quadro Foto Rara Don Pedro Ii Acervo Imperial,Don Pedro,,0.0,1.0,tinto,,Blend Tinto,,Brasil,,42.18,,,750,,,,https://www.mercadolivre.com.br/quadro-foto-rara-don-pedro-ii-acervo-imperial/up/MLBU1439097269,,,3.0,2.0,3.0,3.0,2.0,baixo,alto,baixo,,v10_enrichment_2026_05,mercadolivre_v10_top50,v10_ml_top50,vinho,True,True,,True,0.0,,,,,,,,,auto_aprovado,2026-05-08T18:03:54.385053Z,2026-05-08T18:03:54.385053Z,2026-05-08T18:03:54.385053Z,,,,,"nao-vinho (termo 'quadro', teor ausente)"
v10-ml-cfda635d5743,Quadro Don Pedro Ii Foto Colorida Monarquia Brasil,Don Pedro,,0.0,1.0,tinto,,Blend Tinto,,Brasil,,42.18,,,750,,,,https://www.mercadolivre.com.br/quadro-don-pedro-ii-foto-colorida-monarquia-brasil/up/MLBU1439097829,,,3.0,2.0,3.0,3.0,1.0,baixo,alto,baixo,,v10_enrichment_2026_05,mercadolivre_v10_top50,v10_ml_top50,vinho,True,True,,True,0.0,,,,,,,,,auto_aprovado,2026-05-08T18:03:54.385053Z,2026-05-08T18:03:54.385053Z,2026-05-08T18:03:54.385053Z,,,,,"nao-vinho (termo 'quadro', teor ausente)"
v10-ml-ebb6670336c6,Quadro Foto Rara Don Pedro Ii Acervo Imperial 60x42cm A2,Don Pedro,,0.0,1.0,tinto,,Blend Tinto,,Brasil,,121.57,,,750,,,,https://www.mercadolivre.com.br/quadro-foto-rara-don-pedro-ii-acervo-imperial-60x42cm-a2/up/MLBU1163652407,,,3.0,0.0,3.0,3.0,3.0,baixo,alto,baixo,,v10_enrichment_2026_05,mercadolivre_v10_top50,v10_ml_top50,vinho,True,True,,True,0.0,,,,,,,,,auto_aprovado,2026-05-08T18:03:54.385053Z,2026-05-08T18:03:54.385053Z,2026-05-08T18:03:54.385053Z,,,,,"nao-vinho (termo 'quadro', teor ausente)"
v10-ml-ade4a8ec5799,Cooler Morango Com Vinho Tinto Suave Pergola 750 Ml O Melhor,Pergola,,0.0,1.0,tinto,,Blend Tinto,,Brasil,,46.87,,,750,,,,https://www.mercadolivre.com.br/cooler-morango-com-vinho-tinto-suave-pergola-750-ml-o-melhor/up/MLBU2120891119,,,2.0,1.0,2.0,5.0,5.0,baixo,alto,baixo,,v10_enrichment_2026_05,mercadolivre_v10_top50,v10_ml_top50,vinho,True,True,,True,0.0,,,,,,,,,auto_aprovado,2026-05-08T18:03:54.385053Z,2026-05-08T18:03:54.385053Z,2026-05-08T18:03:54.385053Z,,,,,"nao-vinho (termo 'cooler', teor ausente)"
v10-ml-c1a7c7961c32,Cooler De Pêssego Com Vinho Branco Suave Pérgola 750 Ml Top,Pergola,,0.0,1.0,branco,,Blend Branco,,Brasil,,43.98,,,750,,,,https://www.mercadolivre.com.br/cooler-de-pessego-com-vinho-branco-suave-pergola-750-ml-top/up/MLBU2130362457,,,2.0,0.0,2.0,5.0,4.0,baixo,alto,baixo,,v10_enrichment_2026_05,mercadolivre_v10_top50,v10_ml_top50,vinho,True,True,,True,0.0,,,,,,,,,auto_aprovado,2026-05-08T18:03:54.385053Z,2026-05-08T18:03:54.385053Z,2026-05-08T18:03:54.385053Z,,,,,"nao-vinho (termo 'cooler', teor ausente)"
v10-ml-e05a30df6912,Cooler Pessego Com Vinho Branco Pérgola 750 Ml Expresso,Pergola,,0.0,1.0,branco,,Blend Branco,,Brasil,,47.93,,,750,,,,https://www.mercadolivre.com.br/cooler-pessego-com-vinho-branco-pergola-750-ml-expresso/up/MLBU2128079593,,,2.0,0.0,2.0,5.0,4.0,medio,alto,baixo,,v10_enrichment_2026_05,mercadolivre_v10_top50,v10_ml_top50,vinho,True,True,,False,0.0,,,,,,,"O Pérgola Cooler de Pêssego é uma bebida mista: vinho branco com suco de pêssego, categoria diferente de um vinho convencional. No Brasil, esse formato cresceu nos anos 2000 como entrada pra quem não curte vinho seco — alcoolicidade menor, sabor frutado direto, sem passagem por madeira. É mais próximo de um spritz tropical do que de um vinho de mesa clássico.",,auto_aprovado,2026-05-08T18:03:54.385053Z,2026-05-08T18:03:54.385053Z,2026-05-08T18:03:54.385053Z,v10_enrichment_llm,,,,"nao-vinho (termo 'cooler', teor ausente)"
v10-ml-8ebee5cd0d89,2 Cooler Morango Pérgola Super Gostoso 750 Ml,Pergola,,0.0,1.0,tinto,,Blend Tinto,,Brasil,,58.86,,,750,,,,https://www.mercadolivre.com.br/2-cooler-morango-pergola-super-gostoso-750-ml/up/MLBU2140941221,,,2.0,0.0,2.0,5.0,4.0,baixo,alto,baixo,,v10_enrichment_2026_05,mercadolivre_v10_top50,v10_ml_top50,vinho,True,True,,True,0.0,,,,,,,,,auto_aprovado,2026-05-08T18:03:54.385053Z,2026-05-08T18:03:54.385053Z,2026-05-08T18:03:54.385053Z,,,,,"nao-vinho (termo 'cooler', teor ausente)"
v10-ml-e1acc6ba275e,Cooler De Pêssego Com Vinho Branco Suave Pérgola 750 Ml Top,Pergola,,0.0,1.0,branco,,Blend Branco,,Brasil,,33.98,,,750,,,,https://www.mercadolivre.com.br/cooler-de-pessego-com-vinho-branco-suave-pergola-750-ml-top/up/MLBU1346283891,,,2.0,0.0,2.0,5.0,4.0,baixo,alto,baixo,,v10_enrichment_2026_05,mercadolivre_v10_top50,v10_ml_top50,vinho,True,True,,True,0.0,,,,,,,,,auto_aprovado,2026-05-08T18:03:54.385053Z,2026-05-08T18:03:54.385053Z,2026-05-08T18:03:54.385053Z,,,,,"nao-vinho (termo 'cooler', teor ausente)"
v10-ml-a8ecf4b6d19b,Cooler De Pêssego Com Vinho Branco Suave Pérgola 750 Ml Top,Pergola,,0.0,1.0,branco,,Blend Branco,,Brasil,,39.08,,,750,,,,https://www.mercadolivre.com.br/cooler-de-pessego-com-vinho-branco-suave-pergola-750-ml-top/up/MLBU1362530543,,,2.0,0.0,2.0,5.0,4.0,baixo,alto,baixo,,v10_enrichment_2026_05,mercadolivre_v10_top50,v10_ml_top50,vinho,True,True,,True,0.0,,,,,,,,,auto_aprovado,2026-05-08T18:03:54.385053Z,2026-05-08T18:03:54.385053Z,2026-05-08T18:03:54.385053Z,,,,,"nao-vinho (termo 'cooler', teor ausente)"
v10-ml-2c680fc98a93,Cooler Pessego Com Vinho Branco Pérgola 750 Ml Expresso,Pergola,,0.0,1.0,branco,,Blend Branco,,Brasil,,36.12,,,750,,,,https://www.mercadolivre.com.br/cooler-pessego-com-vinho-branco-pergola-750-ml-expresso/up/MLBU1362530515,,,2.0,0.0,2.0,5.0,4.0,medio,alto,baixo,,v10_enrichment_2026_05,mercadolivre_v10_top50,v10_ml_top50,vinho,True,True,,False,0.0,,,,,,,"Cooler de pêssego com vinho branco é uma categoria diferente de vinho: a bebida mistura vinho com suco de fruta e açúcar, resultando em algo mais próximo de um drinque pronto do que de um vinho de mesa. No Brasil, a categoria 'cooler vínico' cresceu nos anos 2000 como alternativa mais acessível e adocicada pra quem está começando a explorar bebidas com base em vinho.",,auto_aprovado,2026-05-08T18:03:54.385053Z,2026-05-08T18:03:54.385053Z,2026-05-08T18:03:54.385053Z,v10_enrichment_llm,,,,"nao-vinho (termo 'cooler', teor ausente)"
v10-ml-1987cae1267f,Cooler Pessego Com Vinho Branco Pérgola 750 Ml Expresso,Pergola,,0.0,1.0,branco,,Blend Branco,,Brasil,,42.12,,,750,,,,https://www.mercadolivre.com.br/cooler-pessego-com-vinho-branco-pergola-750-ml-expresso/up/MLBU1366474712,,,2.0,0.0,2.0,5.0,4.0,medio,alto,baixo,,v10_enrichment_2026_05,mercadolivre_v10_top50,v10_ml_top50,vinho,True,True,,False,0.0,,,,,,,"Cooler de vinho com pêssego é uma categoria diferente do vinho tradicional: a bebida mistura vinho branco com suco de fruta e açúcar, resultando em algo mais próximo de uma bebida mista do que de um vinho vinificado. No Brasil, esse estilo ganhou espaço nos anos 2000 como alternativa refrescante de baixo teor alcoólico, geralmente entre 4% e 6% vol.",,auto_aprovado,2026-05-08T18:03:54.385053Z,2026-05-08T18:03:54.385053Z,2026-05-08T18:03:54.385053Z,v10_enrichment_llm,,,,"nao-vinho (termo 'cooler', teor ausente)"
v10-ml-5414cbf5eed8,Cooler De Pêssego Com Vinho Branco Suave Pérgola 750 Ml Top,Pergola,,0.0,1.0,branco,,Blend Branco,,Brasil,,48.98,,,750,,,,https://www.mercadolivre.com.br/cooler-de-pessego-com-vinho-branco-suave-pergola-750-ml-top/up/MLBU1362733687,,,2.0,0.0,2.0,5.0,4.0,baixo,alto,baixo,,v10_enrichment_2026_05,mercadolivre_v10_top50,v10_ml_top50,vinho,True,True,,True,0.0,,,,,,,,,auto_aprovado,2026-05-08T18:03:54.385053Z,2026-05-08T18:03:54.385053Z,2026-05-08T18:03:54.385053Z,,,,,"nao-vinho (termo 'cooler', teor ausente)"
v10-ml-e6d1c88eb5a0,Caixa 6 Cooler De Pessego Com Vinho Branco Pergola 750 Ml,Pergola,,0.0,1.0,branco,,Blend Branco,,Brasil,,23.75,,,750,,,,https://www.mercadolivre.com.br/caixa-6-cooler-de-pessego-com-vinho-branco-pergola-750-ml/up/MLBU2206933650,,,3.0,0.0,2.0,5.0,4.0,baixo,alto,baixo,,v10_enrichment_2026_05,mercadolivre_v10_top50,v10_ml_top50,vinho,True,True,,True,0.0,,,,,,,,,auto_aprovado,2026-05-08T18:03:54.385053Z,2026-05-08T18:03:54.385053Z,2026-05-08T18:03:54.385053Z,,,,,"nao-vinho (termo 'cooler', teor ausente)"
v10-ml-669e7d509e0a,Cooler De Pêssego Com Vinho Branco Suave Pérgola 750 Ml Top,Pergola,,0.0,1.0,branco,,Blend Branco,,Brasil,,33.98,,,750,,,,https://www.mercadolivre.com.br/cooler-de-pessego-com-vinho-branco-suave-pergola-750-ml-top/up/MLBU2202109583,,,2.0,0.0,2.0,5.0,4.0,baixo,alto,baixo,,v10_enrichment_2026_05,mercadolivre_v10_top50,v10_ml_top50,vinho,True,True,,True,0.0,,,,,,,,,auto_aprovado,2026-05-08T18:03:54.385053Z,2026-05-08T18:03:54.385053Z,2026-05-08T18:03:54.385053Z,,,,,"nao-vinho (termo 'cooler', teor ausente)"
v10-ml-3a75dda72d0e,2 Cooler Morango Com Vinho Tinto Suave Pergola 750 Ml Top,Pergola,,0.0,1.0,tinto,,Blend Tinto,,Brasil,,69.64,,,750,,,,https://www.mercadolivre.com.br/2-cooler-morango-com-vinho-tinto-suave-pergola-750-ml-top/up/MLBU1362532147,,,2.0,1.0,2.0,5.0,4.0,medio,alto,baixo,,v10_enrichment_2026_05,mercadolivre_v10_top50,v10_ml_top50,vinho,True,True,,True,0.0,,,,,,,,,auto_aprovado,2026-05-08T18:03:54.385053Z,2026-05-08T18:03:54.385053Z,2026-05-08T18:03:54.385053Z,,,,,"nao-vinho (termo 'cooler', teor ausente)"
v10-ml-d9eb706b188c,Cooler Morango E Pêssego Pergola 750 Ml Top,Pergola,,0.0,1.0,tinto,,Blend Tinto,,Brasil,,53.88,,,750,,,,https://www.mercadolivre.com.br/cooler-morango-e-pessego-pergola-750-ml-top/up/MLBU2206594002,,,2.0,0.0,1.0,5.0,5.0,medio,alto,baixo,,v10_enrichment_2026_05,mercadolivre_v10_top50,v10_ml_top50,vinho,True,True,,False,0.0,,,,,,,"Cooler é uma bebida mista de vinho com suco de fruta e açúcar — categoria diferente do vinho puro. A Pergola, marca do grupo Peterlongo, um dos mais antigos produtores gaúchos, lançou versões de cooler com sabores de fruta pra atingir quem está chegando agora no mundo das bebidas à base de uva. É uma porta de entrada leve, sem a complexidade nem a estrutura de um vinho vinificado.",,auto_aprovado,2026-05-08T18:03:54.385053Z,2026-05-08T18:03:54.385053Z,2026-05-08T18:03:54.385053Z,v10_enrichment_llm,,,,"nao-vinho (termo 'cooler', teor ausente)"
v10-ml-169079feeea2,Caixa 6 Cooler De Pessego Com Vinho Branco Pergola 750 Ml,Pergola,,0.0,1.0,branco,,Blend Branco,,Brasil,,23.75,,,750,,,,https://www.mercadolivre.com.br/caixa-6-cooler-de-pessego-com-vinho-branco-pergola-750-ml/up/MLBU1366682184,,,2.0,0.0,1.0,5.0,4.0,baixo,alto,baixo,,v10_enrichment_2026_05,mercadolivre_v10_top50,v10_ml_top50,vinho,True,True,,True,0.0,,,,,,,,,auto_aprovado,2026-05-08T18:03:54.385053Z,2026-05-08T18:03:54.385053Z,2026-05-08T18:03:54.385053Z,,,,,"nao-vinho (termo 'cooler', teor ausente)"
v10-ml-56e423a6e2e7,3 Coolers Morango Com Vinho Branco Suave,INFERIR,,0.0,1.0,branco,,Blend Branco,,Outros,,31.2,,,750,,,,https://www.mercadolivre.com.br/3-coolers-morango-com-vinho-branco-suave/up/MLBU1366681844,,,2.0,0.0,2.0,5.0,4.0,medio,medio,baixo,,v10_enrichment_2026_05,mercadolivre_v10_top50,v10_ml_top50,vinho,True,True,,True,0.0,,,,,,,,,auto_aprovado,2026-05-08T18:03:54.385053Z,2026-05-08T18:03:54.385053Z,2026-05-08T18:03:54.385053Z,,,,,"nao-vinho (termo 'coolers', teor ausente)"
v10-ml-676d8c349bd6,Pergola Cooler De Morango Com Vinho Tinto Suave 750ml,Pergola,,0.0,1.0,tinto,,Blend Tinto,,Brasil,,39.9,,,750,,,,https://www.mercadolivre.com.br/pergola-cooler-de-morango-com-vinho-tinto-suave-750ml/up/MLBU3369937520,,,2.0,1.0,2.0,5.0,4.0,medio,alto,baixo,,v10_enrichment_2026_05,mercadolivre_v10_top50,v10_ml_top50,vinho,True,True,,False,0.0,,,,,,,"O Pergola Cooler mistura vinho tinto suave com suco de morango — categoria chamada de 'wine cooler', popular nos anos 80 nos EUA e que ganhou espaço no Brasil como porta de entrada pra quem não curte vinho seco. A Pergola apostou nesse formato pra atingir quem prefere bebida frutada e com menos álcool do que um tinto convencional.",,auto_aprovado,2026-05-08T18:03:54.385053Z,2026-05-08T18:03:54.385053Z,2026-05-08T18:03:54.385053Z,v10_enrichment_llm,,,,"nao-vinho (termo 'cooler', teor ausente)"
v10-ml-d69fc75dd003,Cooler Vinho Branco Abacaxi - Xv Nov 720ml,INFERIR,,0.0,1.0,branco,,Blend Branco,,Outros,,26.99,,,720,,,,https://www.mercadolivre.com.br/cooler-vinho-branco-abacaxi-xv-nov-720ml/p/MLB20624389,,,3.0,0.0,2.0,5.0,4.0,baixo,medio,baixo,,v10_enrichment_2026_05,mercadolivre_v10_top50,v10_ml_top50,vinho,True,True,,True,0.0,,,,,,,,,auto_aprovado,2026-05-08T18:03:54.385053Z,2026-05-08T18:03:54.385053Z,2026-05-08T18:03:54.385053Z,,,,,"nao-vinho (termo 'cooler', teor ausente)"
v10-ml-737e079ac47a,"Quadro De Fotos Sutter Home Frame 5x5 Bronze 12,7x12,7 Cm",Sutter Home,,0.0,1.0,tinto,,Blend Tinto,,EUA,,22.28,,,750,,,,https://www.mercadolivre.com.br/framas-de-lawrence-sutter-home-frame-5x5-bronce/p/MLB2077559062,,,3.0,0.0,3.0,3.0,3.0,baixo,alto,baixo,,v10_enrichment_2026_05,mercadolivre_v10_top50,v10_ml_top50,vinho,True,True,,True,0.0,,,,,,,,,auto_aprovado,2026-05-08T18:03:54.385053Z,2026-05-08T18:03:54.385053Z,2026-05-08T18:03:54.385053Z,,,,,"nao-vinho (termo 'quadro', teor ausente)"
v10-ml-34796ac5e8d6,Poltrona Decorativa - Valentina - Bianchi Móveis,Bianchi,,0.0,1.0,tinto,,Blend Tinto,,Argentina,,390.18,,,750,,,,https://www.mercadolivre.com.br/poltrona-decorativa--valentina--bianchi-moveis/up/MLBU3267458400,,,3.0,3.0,3.0,3.0,1.0,baixo,alto,baixo,,v10_enrichment_2026_05,mercadolivre_v10_top50,v10_ml_top50,vinho,True,True,,True,0.0,,,,,,,,,auto_aprovado,2026-05-08T18:03:54.385053Z,2026-05-08T18:03:54.385053Z,2026-05-08T18:03:54.385053Z,,,,,"nao-vinho (termo 'poltrona', teor ausente)"
v10_5-saf-3da99c28b981,Frisante Salton Lunae Drinks Sangria 750ml 2020,Salton,2020.0,1.0,0.0,tinto,,Blend Tinto,,Brasil,,31.2,,,750,,,,https://www.mercadolivre.com.br/frisante-salton-lunae-drinks-sangria-750ml/p/MLB21910721,,,3.0,0.0,2.0,5.0,4.0,medio,alto,baixo,,v10_enrichment_2026_05,mercadolivre_v10_top50+safra_decompose,v10_5_safra_decompose,vinho,True,True,,False,0.0,,,,,,,"A Salton, fundada em 1910 no Rio Grande do Sul, é uma das vinícolas mais antigas do Brasil ainda em operação familiar. A linha Lunae Drinks aposta em frisantes com sangria — uma releitura da bebida ibérica clássica feita com vinho, frutas e gás. O formato é um atalho brasileiro pra quem quer descontração sem precisar montar a receita em casa.",,auto_aprovado,2026-05-08T18:04:20.703987Z,2026-05-08T18:04:20.703987Z,2026-05-08T18:04:20.703987Z,v10_enrichment_llm,,,,"nao-vinho (termo 'sangria', teor ausente)"
v10_5-saf-74d2f8158095,Frisante Salton Lunae Drinks Sangria 750ml 2021,Salton,2021.0,1.0,0.0,tinto,,Blend Tinto,,Brasil,,31.2,,,750,,,,https://www.mercadolivre.com.br/frisante-salton-lunae-drinks-sangria-750ml/p/MLB21910721,,,3.0,0.0,2.0,5.0,4.0,medio,alto,baixo,,v10_enrichment_2026_05,mercadolivre_v10_top50+safra_decompose,v10_5_safra_decompose,vinho,True,True,,False,0.0,,,,,,,"A Salton, fundada em 1910 no Rio Grande do Sul, é uma das vinícolas mais antigas do Brasil ainda em operação familiar. A linha Lunae Drinks aposta em frisantes com sangria — uma releitura da bebida ibérica clássica feita com vinho, frutas e gás. O formato é um atalho brasileiro pra quem quer descontração sem precisar montar a receita em casa.",,auto_aprovado,2026-05-08T18:04:20.703987Z,2026-05-08T18:04:20.703987Z,2026-05-08T18:04:20.703987Z,v10_enrichment_llm,,,,"nao-vinho (termo 'sangria', teor ausente)"
v10_5-saf-725d285227fc,Frisante Salton Lunae Drinks Sangria 750ml 2022,Salton,2022.0,1.0,0.0,tinto,,Blend Tinto,,Brasil,,31.2,,,750,,,,https://www.mercadolivre.com.br/frisante-salton-lunae-drinks-sangria-750ml/p/MLB21910721,,,3.0,0.0,2.0,5.0,4.0,medio,alto,baixo,,v10_enrichment_2026_05,mercadolivre_v10_top50+safra_decompose,v10_5_safra_decompose,vinho,True,True,,False,0.0,,,,,,,"A Salton, fundada em 1910 no Rio Grande do Sul, é uma das vinícolas mais antigas do Brasil ainda em operação familiar. A linha Lunae Drinks aposta em frisantes com sangria — uma releitura da bebida ibérica clássica feita com vinho, frutas e gás. O formato é um atalho brasileiro pra quem quer descontração sem precisar montar a receita em casa.",,auto_aprovado,2026-05-08T18:04:20.703987Z,2026-05-08T18:04:20.703987Z,2026-05-08T18:04:20.703987Z,v10_enrichment_llm,,,,"nao-vinho (termo 'sangria', teor ausente)"
v10_5-saf-721433574a26,Frisante Salton Lunae Drinks Sangria 750ml 2023,Salton,2023.0,1.0,0.0,tinto,,Blend Tinto,,Brasil,,31.2,,,750,,,,https://www.mercadolivre.com.br/frisante-salton-lunae-drinks-sangria-750ml/p/MLB21910721,,,3.0,0.0,2.0,5.0,4.0,medio,alto,baixo,,v10_enrichment_2026_05,mercadolivre_v10_top50+safra_decompose,v10_5_safra_decompose,vinho,True,True,,False,0.0,,,,,,,"A Salton, fundada em 1910 no Rio Grande do Sul, é uma das vinícolas mais antigas do Brasil ainda em operação familiar. A linha Lunae Drinks aposta em frisantes com sangria — uma releitura da bebida ibérica clássica feita com vinho, frutas e gás. O formato é um atalho brasileiro pra quem quer descontração sem precisar montar a receita em casa.",,auto_aprovado,2026-05-08T18:04:20.703987Z,2026-05-08T18:04:20.703987Z,2026-05-08T18:04:20.703987Z,v10_enrichment_llm,,,,"nao-vinho (termo 'sangria', teor ausente)"
